time,x,y,z,yaw,error_x,error_y,error_z,error_longitudinal,error_lateral
163645070.114117950201035,-25869.696215399999346,-93280.283226600004127,1.547726750370000,-0.007055399997625,0.132873399998061,-0.069323249630000,0.131984321989204,-0.016889578006019
163645070.411669224500656,-25869.891751899998781,-93279.236993099999381,1.544187068940000,-0.006261899998208,0.130846900006873,-0.072142931060000,0.129681061167255,-0.018518774460821
163645070.709166586399078,-25870.116295399999217,-93278.116527799997129,1.547191858290000,-0.006425399998989,0.116792200002237,-0.069288141710000,0.115728397178638,-0.016989462409770
163645071.014679729938507,-25870.378827399999864,-93276.872537899995223,1.545633435250000,-0.012737400000333,0.140912100003334,-0.071696564750000,0.140425894762459,-0.017292465592876
163645071.312169402837753,-25870.663301399999909,-93275.577119900000980,1.545599341390000,-0.007801399999153,0.131550100006280,-0.071730658610000,0.130011934151052,-0.021521794346925
163645071.609784692525864,-25870.988025400001789,-93274.186848400000599,1.542575955390000,-0.008685400000104,0.132581600002595,-0.071824044610000,0.130970508170126,-0.022361637285067
163645071.810833722352982,-25871.231010899999092,-93273.197907099995064,1.541666746140000,-0.014880899998388,0.148942900006659,-0.069033253860000,0.148154367983127,-0.021347409554229
163645072.012072503566742,-25871.486350600000151,-93272.199634599994170,1.536164402960000,-0.015620599999238,0.137835400004406,-0.071235597040000,0.137394586982586,-0.019113558187720
163645072.213112562894821,-25871.756127100001322,-93271.163967400003457,1.531663775440000,-0.011957099999563,0.127662600003532,-0.074366224560000,0.126446780066422,-0.021258492206534
163645072.414168834686279,-25872.047233799999958,-93270.085645099999965,1.531129002570000,-0.009773800000403,0.124044900003355,-0.075310997430000,0.122182540693454,-0.023539140446981
163645072.615187495946884,-25872.359583000001294,-93268.969627300000866,1.531124234200000,-0.008283000002848,0.122292700005346,-0.075925765800000,0.119868664206603,-0.025604997656109
163645072.808174908161163,-25872.688284799998655,-93267.845255499996711,1.530173659320000,-0.001474799999414,0.093494500004454,-0.077196340680000,0.090070666268002,-0.025113176703858
163645073.009202361106873,-25873.051914899999247,-93266.664144299997133,1.534073472020000,-0.006954899999982,0.086415700003272,-0.074246527980000,0.084662579768993,-0.018662567559801
163645073.210294753313065,-25873.436638700000913,-93265.459370199998375,1.533175110820000,-0.010648700001184,0.068179800000507,-0.074444889180000,0.068219814200391,-0.010389268034299
163645073.411303222179413,-25873.843752199998562,-93264.214548799995100,1.530583739280000,-0.014612199996918,0.055031199997757,-0.072906260720000,0.056854640634960,-0.003082077256102
163645073.612312108278275,-25874.270197900001222,-93262.937259800004540,1.524532556530000,-0.016077899999800,0.039380199988955,-0.074617443470000,0.042441513504492,0.002831422084691
163645073.813369095325470,-25874.718843499998911,-93261.624243900005240,1.521346092220000,-0.017493499999546,0.024706099997275,-0.074443907780000,0.029028503194051,0.008588359658420
163645074.014496952295303,-25875.194303399999626,-93260.248850799995125,1.516448259350000,-0.022773400000005,0.037969199998770,-0.074461740650000,0.043353024247565,0.008989059166390
163645074.207456350326538,-25875.686887600000773,-93258.848908300002222,1.510223627090000,-0.022167600000103,0.041451700002654,-0.075166372910000,0.046490281158865,0.006949797165687
163645074.408547163009644,-25876.200118299999303,-93257.433088599995244,1.503438949580000,-0.019438299998001,0.026461400004337,-0.076841050420000,0.031514589566898,0.009213242720767
163645074.609549522399902,-25876.738343500001065,-93255.967552600006456,1.499633431430000,-0.018403500002023,0.027117399993585,-0.076956568570000,0.031831413098666,0.007797649317495
163645074.810640454292297,-25877.304275200000120,-93254.458169799996540,1.496978759770000,-0.020655200001784,0.038020200008759,-0.076521240230000,0.042878139319791,0.005799833126250
163645075.011732548475266,-25877.891197199998714,-93252.931043699994916,1.493667840960000,-0.018627199999173,0.033476299999165,-0.076062159040000,0.037949712406214,0.005239710844023
163645075.212756156921387,-25878.499597099998937,-93251.385344099995564,1.487430334090000,-0.012947100000019,0.014365900002304,-0.077899665910000,0.018120740133405,0.006756127463591
163645075.413779944181442,-25879.141809799999464,-93249.777311199999531,1.484101057050000,-0.017899800001032,0.023738799995044,-0.076158942950000,0.028700470399794,0.007759926811008
163645075.614801317453384,-25879.807554800001526,-93248.138616099997307,1.476292014120000,-0.021204800003034,0.030783900001552,-0.079127985880000,0.036526626620413,0.007943399159500
163645075.807811141014099,-25880.497336399999767,-93246.479858699996839,1.472850084300000,-0.021426399998745,0.025781300006201,-0.079819915700000,0.032054515580449,0.009811935477710
163645076.008850157260895,-25881.210114699999394,-93244.796265700002550,1.473476171490000,-0.017194699998072,0.013754300001892,-0.079133828510000,0.019398584791133,0.010417935720045
163645076.209859222173691,-25881.958633099999133,-93243.056946800003061,1.472276926040000,-0.022233100000449,0.025253200001316,-0.079733073960000,0.032010182491521,0.010362579929534
163645076.410906016826630,-25882.734915000000910,-93241.277613199999905,1.468164801600000,-0.031465000000026,0.043366800004151,-0.080155198400000,0.052340781723292,0.011452865850794
163645076.611896485090256,-25883.516414599998825,-93239.498478800000157,1.463908672330000,-0.024634599998535,0.026941200005240,-0.077941327670000,0.034586096462979,0.011683052095393
163645076.812942653894424,-25884.314242100001138,-93237.686019500004477,1.455229163170000,-0.013992100000905,0.009000499994727,-0.078140836830000,0.013891942593641,0.009154331956260
163645076.909449934959412,-25884.720079099999566,-93236.765662899997551,1.450779199600000,-0.008949099999882,0.000687100007781,-0.079850800400000,0.004248540114319,0.007906225656127
163645077.013996660709381,-25885.131532999999763,-93235.835981399999582,1.445683121680000,-0.005903000001126,-0.007631400003447,-0.083586878320000,-0.004597536242451,0.008482118575289
163645077.110437124967575,-25885.554595900001004,-93234.877510699996492,1.445114612580000,-0.011325900002703,0.003299300005892,-0.083335387420000,0.007582693218726,0.009036822171029
163645077.207304626703262,-25885.979636700001720,-93233.910330700004124,1.444608330730000,-0.015666700001020,0.013359299991862,-0.082751669270000,0.018530440508137,0.008974361245733
163645077.311777859926224,-25886.398063100001309,-93232.949579099993571,1.444674849510000,-0.010203100002400,0.007470900003682,-0.081335150490000,0.010937246735913,0.006347773653948
163645077.408222109079361,-25886.821057000001019,-93231.979800899993279,1.445911169050000,-0.006057000002329,0.001109100005124,-0.078878830950000,0.003442456854954,0.005105569767554
163645077.512760847806931,-25887.246783999999025,-93230.998536200000672,1.444281458850000,-0.001383999999234,-0.003246199994464,-0.079478541150000,-0.002421933264293,0.002566614436423
163645077.609233170747757,-25887.677012700001796,-93230.009292699993239,1.442138314250000,0.002017299997533,-0.009132699997281,-0.080671685750000,-0.009178857435235,0.001795629333691
163645077.713764131069183,-25888.113001900001109,-93229.007856500000344,1.441612958910000,0.002818099997967,-0.012346500006970,-0.080167041090000,-0.012447221796230,0.002333328004396
163645077.810239791870117,-25888.561423200000718,-93227.980692900004215,1.442132115360000,-0.005803200001537,0.000567099996260,-0.078007884640000,0.002826445172856,0.005099994151804
163645077.914781719446182,-25889.013143699998182,-93226.934840700007044,1.440263271330000,-0.014983699998993,0.022449299998698,-0.077106728670000,0.026548293412830,0.004865228972784
163645078.011248528957367,-25889.463908999998239,-93225.893447800001013,1.436053752900000,-0.020838999997068,0.030022199993255,-0.077506247100000,0.035809066676303,0.007301175048226
163645078.107771456241608,-25889.909600899998622,-93224.861242900005891,1.431742191310000,-0.019460899999103,0.018437099992298,-0.077427808690000,0.024601669539625,0.010649466689189
163645078.212338775396347,-25890.357853900000919,-93223.812573999995948,1.428360223770000,-0.018533900001785,0.013346000007004,-0.076429776230000,0.019535802337495,0.011831043592746
163645078.308809369802475,-25890.807656000000861,-93222.757649100007256,1.425080299380000,-0.017036000001099,0.004550899990136,-0.075759700620000,0.010832657462027,0.013913645067632
163645078.413286447525024,-25891.260429199999635,-93221.688115099997958,1.420947909360000,-0.016459200000099,0.000364899999113,-0.075942090640000,0.006726135859935,0.015026560253309
163645078.509748429059982,-25891.714957799998956,-93220.607240299999830,1.416587233540000,-0.015757799999847,-0.002530300000217,-0.076402766460000,0.003756100614274,0.015511363160655
163645078.614290684461594,-25892.175055600000633,-93219.506330799995339,1.410139799120000,-0.018915600001492,0.004479200011701,-0.080730200880000,0.011409444983133,0.015738097767460
163645078.710797995328903,-25892.642004000001180,-93218.379738300005556,1.411578178410000,-0.027354000001651,0.026991699996870,-0.078161821590000,0.035404771538346,0.014943069869638
163645078.815325915813446,-25893.112079400001676,-93217.236491500007105,1.408265590670000,-0.037299400002667,0.056008499988820,-0.074874409330000,0.065994291364524,0.013151076718313
163645078.911872982978821,-25893.567746100001386,-93216.122430899995379,1.402323722840000,-0.030866100001731,0.045839099999284,-0.066016277160000,0.054124845077930,0.011155284099984
163645079.008344709873199,-25894.027738600001612,-93214.995516099996166,1.386193275450000,-0.026458600001206,0.038653900002828,-0.068356724550000,0.045791481398064,0.009865177688372
163645079.112895816564560,-25894.491225999998278,-93213.857396099992911,1.372017502780000,-0.023515999997471,0.032703900011256,-0.078542497220000,0.039153371904615,0.009463656815747
163645079.209412992000580,-25894.955350899999758,-93212.707943600005819,1.367137432100000,-0.019950900001277,0.027806400001282,-0.085032567900000,0.033254262066136,0.008086306099138
163645079.314127057790756,-25895.420775200000207,-93211.546987900001113,1.365386366840000,-0.016765200001828,0.023992100002943,-0.084743633160000,0.028509035519272,0.006627796573022
163645079.410642743110657,-25895.886643599998933,-93210.379281000001356,1.368575572970000,-0.012713599997369,0.016688999996404,-0.073034427030000,0.020212384727528,0.005622975137724
163645079.515167653560638,-25896.363646500001778,-93209.175490800000262,1.360663771630000,-0.017866500002128,0.035459199993056,-0.068626228370000,0.039551144673257,0.003503375730445
163645079.611639320850372,-25896.835406900001544,-93207.987647300004028,1.343404173850000,-0.015536900002189,0.028422699993826,-0.072535826150000,0.032146800133311,0.003978489387443
163645079.708138316869736,-25897.309345000001485,-93206.789871400003904,1.330191016200000,-0.013365000002523,0.021358600002714,-0.072148983800000,0.024772674593445,0.004596478285667
163645079.812729090452194,-25897.786619300000893,-93205.577680100002908,1.318765759470000,-0.012499300002673,0.018759899990982,-0.068584240530000,0.022031919779060,0.004770834211914
163645079.909296661615372,-25898.276982700001099,-93204.334276599998702,1.304536461830000,-0.022092700000940,0.037663399998564,-0.065123538170000,0.043130862544674,0.006807921043591
163645080.013835072517395,-25898.771667400000297,-93203.073947700002464,1.286582469940000,-0.032657399999152,0.064062299992656,-0.063907530060000,0.071564123166914,0.007004307988979
163645080.094209790229797,-25899.168404799998825,-93202.066911200003233,1.262190938000000,0.058425200000784,-0.172121199997491,-0.069349062000000,-0.181568445274638,0.008491829264568
163645080.190727323293686,-25899.672410099999979,-93200.785300899995491,1.246706843380000,0.046029900000576,-0.142980899996473,-0.064753156620000,-0.149912982847078,0.009401437749429
163645080.295213639736176,-25900.180404899998393,-93199.486082300005364,1.222936034200000,0.033335100000841,-0.105532300003688,-0.064753965800000,-0.110415968312796,0.007523907075589
163645080.407775998115540,-25900.777132800001709,-93197.966944900006638,1.197160005570000,-0.064772800000355,0.142405099992175,-0.061799994430000,0.156222048198998,0.008330653046271
163645080.512348324060440,-25901.281271899999410,-93196.680654900002992,1.165316343310000,-0.067201899997599,0.147955099993851,-0.060863656690000,0.162272142278159,0.008634744810047
163645080.608835935592651,-25901.775461000001087,-93195.417893699996057,1.131622791290000,-0.056321000000025,0.120546300007845,-0.060777208710000,0.132783044354500,0.008492856912443
163645080.713398456573486,-25902.275273200000811,-93194.135895200000959,1.101412653920000,-0.046983200001705,0.103244800004177,-0.058107346080000,0.113271344835623,0.006042536671963
163645080.809944868087769,-25902.783629400000791,-93192.846398900001077,1.054613709450000,-0.041489400002320,0.084551099993405,-0.070666290550000,0.093869986295662,0.007660580624173
163645080.914453923702240,-25903.297652199998993,-93191.548012500003097,1.018089890480000,-0.036432199998671,0.066047500004061,-0.068470109520000,0.074812293714651,0.009627988506559
163645081.010965108871460,-25903.817086999999447,-93190.235678700002609,0.976058065891000,-0.031457000000955,0.052841299999272,-0.068121934109000,0.060712577379601,0.009784108676786
163645081.107457250356674,-25904.340174600001774,-93188.911136499998975,0.937484562397000,-0.025114600000961,0.043083500000648,-0.062445437603000,0.049312298651629,0.007431575015211
163645081.212032228708267,-25904.870803699999669,-93187.575252299997373,0.895978391171000,-0.021033699998952,0.035997700004373,-0.057341608829000,0.041228857994188,0.006199371721859
163645081.308514118194580,-25905.407511199999135,-93186.228002100004232,0.853435993195000,-0.017311199997494,0.031797899995581,-0.049524006805000,0.035955452295327,0.004241407752225
163645081.413081139326096,-25905.949101700000028,-93184.868007199998829,0.809208810329000,-0.012601700000232,0.031932800004142,-0.039441189671000,0.034328584116718,-0.000234246754059
163645081.509586006402969,-25906.499278399998730,-93183.493610100005753,0.750481486320000,-0.010658399998647,0.038019899991923,-0.041988513680000,0.039243135045362,-0.004369283435354
163645081.614101260900497,-25907.056070400001772,-93182.108993899993948,0.700501918793000,-0.009420400001545,0.045936100010294,-0.036858081207000,0.046103789463538,-0.008562115243714
163645081.710627466440201,-25907.618490199998632,-93180.718857300002128,0.641982972622000,-0.007350199997745,0.051202699993155,-0.040407027378000,0.050176738141470,-0.012571271856030
163645081.815177261829376,-25908.187144600000465,-93179.321045300006517,0.583046972752000,-0.004394600000523,0.056254699986312,-0.038493027248000,0.053690617049206,-0.017355731635111
163645081.911665767431259,-25908.765606199998729,-93177.917042000000947,0.528476715088000,-0.003746200000023,0.059767999991891,-0.021733284912000,0.056639710986049,-0.019447132870623
163645082.008119821548462,-25909.350787300001684,-93176.506652600000962,0.466905683279000,-0.002087300003041,0.062047400002484,-0.005134316721000,0.058047825977069,-0.022015598281830
163645082.112670600414276,-25909.942963299999974,-93175.089468299993314,0.393053352833000,0.000386700001400,0.063551700004609,-0.000686647167000,0.058411891406381,-0.025040348493903
163645082.209123700857162,-25910.543860999998287,-93173.662453400000231,0.309403240681000,0.001849000000220,0.067296599998372,-0.006566759319000,0.061221922632539,-0.028002274220446
163645082.313640117645264,-25911.152146000000357,-93172.228664399997797,0.238915696740000,0.003334000000905,0.070085600003949,0.003635696740000,0.063137311491565,-0.030606972760087
163645082.410097151994705,-25911.768704999998590,-93170.790871899997001,0.165158957243000,0.003855000002659,0.069128100003581,0.017218957243000,0.061976370547678,-0.030862351317789
163645082.514646887779236,-25912.392951900001208,-93169.341196199995466,0.076725400984300,0.004668099998526,0.072603799999342,0.023855400984300,0.064745839938240,-0.033182512602764
163645082.611157864332199,-25913.025989300000219,-93167.889650700002676,-0.010249320417600,0.005470699998114,0.070869299990591,0.034260679582400,0.062722192473195,-0.033441184353744
163645082.707667827606201,-25913.667365099998278,-93166.424605499996687,-0.112021192908000,0.006604900001548,0.075504499996896,0.024578807092000,0.066405218344171,-0.036536299764408
163645082.812205910682678,-25914.317151600000216,-93164.952932000000146,-0.211502924562000,0.007128400000511,0.079278000004706,0.012767075438000,0.069559348755849,-0.038695120777375
163645082.908697128295898,-25914.972716899999796,-93163.473967300000368,-0.291126698256000,0.008773099998507,0.082472699999926,0.025013301744000,0.071738674248342,-0.041620621643024
163645083.013211637735367,-25915.630980599999020,-93161.987273699996877,-0.379969865084000,0.014289400001871,0.085376300005009,0.033580134916000,0.072062251442072,-0.047961770943726
163645083.109670400619507,-25916.295238700000482,-93160.492565499996999,-0.478671848774000,0.020221300001140,0.088204500003485,0.030588151226000,0.072141857642942,-0.054630460097150
163645083.214213192462921,-25916.965375899999344,-93158.992165200004820,-0.580154120922000,0.025904099999025,0.088284799989196,0.020065879078000,0.069838579036863,-0.059898256936273
163645083.310705751180649,-25917.643195199998445,-93157.482987099996535,-0.671346664429000,0.028794800000469,0.088532900001155,0.019803335571000,0.068846679131503,-0.062668569971282
163645083.415300637483597,-25918.327587200001290,-93155.966185900004348,-0.759123384953000,0.029332799997064,0.089604099994176,0.027746615047000,0.069546961838276,-0.063659468977517
163645083.511812269687653,-25919.018365100000665,-93154.447029500006465,-0.860518097878000,0.026704899999459,0.090870499989251,0.026291902122000,0.071692460195282,-0.061893380933872
163645083.608361303806305,-25919.709415199999057,-93152.932382400002098,-0.958523094654000,0.026384799999505,0.088347600001725,0.029936905346000,0.069430793299688,-0.060669770387358
163645083.712961912155151,-25920.401727100001153,-93151.419260199996643,-1.058285474780000,0.027172899997822,0.085389800005942,0.033734525220000,0.066316925265725,-0.060264831059638
163645083.809452176094055,-25921.097964299999148,-93149.903968400001759,-1.163007378580000,0.026705700001912,0.085821600005147,0.033652621420000,0.066789906065317,-0.060146902562158
163645083.914005160331726,-25921.800922499998705,-93148.386435099993832,-1.268946528430000,0.022327500002575,0.089794900006382,0.030073471570000,0.072132709995793,-0.057952683045601
163645084.010488003492355,-25922.501681900001131,-93146.877438099996652,-1.371274232860000,0.022168100000272,0.086171900009504,0.027145767140000,0.068849187863061,-0.056363200223789
163645084.115063339471817,-25923.203813799998898,-93145.369468499993673,-1.458767652510000,0.022086200002377,0.082181500009028,0.037372347490000,0.065216012054551,-0.054666909058219
163645084.211600452661514,-25923.905487200001517,-93143.863734300000942,-1.555047988890000,0.023642799998925,0.076495699991938,0.038082011110000,0.059365178878149,-0.053724758220127
163645084.308130592107773,-25924.609842199999548,-93142.354638100005104,-1.649730205540000,0.023687799999607,0.074731899992912,0.041259794460000,0.057700031573043,-0.053072357228992
163645084.412627965211868,-25925.312159900000552,-93140.847884200004046,-1.739908337590000,0.027420099999290,0.071395799997845,0.051031662410000,0.053029601742335,-0.055109740340094
163645084.509144604206085,-25926.016704900001059,-93139.338241300007212,-1.842189788820000,0.030925099999877,0.071888699996634,0.051120211180000,0.051911163611843,-0.058562599751659
163645084.613712728023529,-25926.725824900000589,-93137.828056500002276,-1.955672621730000,0.031835099998716,0.073843499994837,0.041647378270000,0.053215025256498,-0.060286791010685
163645084.710264444351196,-25927.432981300000392,-93136.330957700003637,-2.056274652480000,0.036748700000317,0.063682299994980,0.044255347520000,0.041845311049864,-0.060455539262370
163645084.814826756715775,-25928.144281100001535,-93134.835612800001400,-2.163450479510000,0.039498899997852,0.052697199993418,0.037109520490000,0.030668931651481,-0.058280139151716
163645084.911292523145676,-25928.868286000000808,-93133.317844599994714,-2.261587142940000,0.030903999999282,0.064785399998073,0.036832857060000,0.045242609750267,-0.055725322178081
163645085.007800966501236,-25929.575939199999993,-93131.834758900004090,-2.353262424470000,0.038800800000899,0.042251099992427,0.044097575530000,0.021515373190183,-0.053176557313980
163645085.112354367971420,-25930.280592899998737,-93130.358275199992931,-2.455472469330000,0.048967099999572,0.012774800008629,0.043987530670000,-0.009445886621179,-0.049716673496609
163645085.209164291620255,-25930.989491799999087,-93128.870067700001528,-2.560899734500000,0.054568200001086,-0.005137700005434,0.042920265500000,-0.028036454561410,-0.047096089310369
163645085.313689976930618,-25931.696378799999366,-93127.382569499997771,-2.657973289490000,0.062971200000902,-0.023379499994917,0.048136710510000,-0.048155852989978,-0.046829337731528
163645085.410210967063904,-25932.416721500001586,-93125.869723700001487,-2.773276090620000,0.059188499999436,-0.015653700000257,0.029963909380000,-0.039591181863554,-0.046699627134789
163645085.514764666557312,-25933.130896800001210,-93124.365190800002893,-2.863282918930000,0.062343199999304,-0.015890800001216,0.034737081070000,-0.041174071179367,-0.049435695335945
163645085.611258447170258,-25933.850569599999289,-93122.850934700007201,-2.962823629380000,0.059790400002385,-0.006514700013213,0.030306370620000,-0.031588506430365,-0.051181046396162
163645085.707792252302170,-25934.565753499999119,-93121.340880200004904,-3.056477069850000,0.060516500001540,-0.001890200001071,0.031362930150000,-0.027668909545615,-0.053853979175517
163645085.812355726957321,-25935.278244699999050,-93119.834068199998001,-3.149512290950000,0.062045300001046,-0.001428200004739,0.033607709050000,-0.027832020417216,-0.055471052333347
163645085.909094184637070,-25935.990498099999968,-93118.324423099998967,-3.248652935030000,0.061751900000672,0.000906900007976,0.031347064970000,-0.025520507010343,-0.056238984194707
163645086.013655543327332,-25936.703537500001403,-93116.810778300001402,-3.346803188320000,0.058742499997607,0.006331700002193,0.028986811680000,-0.019258828039664,-0.055855789972260
163645086.110167980194092,-25937.412366900000052,-93115.297311200003605,-3.440114974980000,0.057813100000203,0.010568799989414,0.027995025020000,-0.014940778026105,-0.056840366086298
163645086.214744955301285,-25938.123363899998367,-93113.771659899997758,-3.535523653030000,0.052246100000048,0.025840100002824,0.019186346970000,0.001345841200290,-0.058271386158513
163645086.311204195022583,-25938.835229899999831,-93112.243866699995124,-3.626191616060000,0.043390099999669,0.042133299997658,0.007918383940000,0.019945876671855,-0.057097090560423
163645086.407689929008484,-25939.539831999998569,-93110.722851400001673,-3.703654766080000,0.039178000002721,0.050418600003468,0.005805233920000,0.029341132576231,-0.056710218212126
163645086.512264907360077,-25940.241585299998405,-93109.200401499998407,-3.777107715610000,0.034894700002042,0.058788499998627,0.007332284390000,0.038843264351038,-0.056257698449869
163645086.608764857053757,-25940.945039900001575,-93107.669301400004770,-3.853857755660000,0.026040099997772,0.074488599988399,0.006032244340000,0.056912734007002,-0.054658750845349
163645086.713290929794312,-25941.643066399999952,-93106.138946499995654,-3.929489851000000,0.019343600000866,0.087963500001933,0.005170149000000,0.072080189863266,-0.054001837217443
163645086.809788078069687,-25942.336530500000663,-93104.605289900006028,-4.004267215730000,0.013449499998387,0.103020099995774,0.002802784270000,0.088360453303588,-0.054648516405575
163645086.914323151111603,-25943.022760399999243,-93103.081792299999506,-4.076817989350000,0.011579599999095,0.106467699995846,0.002202010650000,0.092367079797172,-0.054201299322872
163645087.010869085788727,-25943.709792599998764,-93101.553255100006936,-4.151651382450000,0.006857399999717,0.114044899994042,0.001278617550000,0.101272318096964,-0.052888379977784
163645087.107379585504532,-25944.393649900001037,-93100.025777699993341,-4.226187229160000,0.003690099998494,0.119842300002347,-0.003327229160000,0.107917630706731,-0.052245370038857
163645087.211871087551117,-25945.079715399999259,-93098.489588900003582,-4.296438217160000,-0.003725399998075,0.133411100003286,-0.014718217160000,0.123406868795336,-0.050824648974324
163645087.308369189500809,-25945.756699000001390,-93096.969921199997771,-4.350648403170000,-0.004349000002549,0.129458800001885,-0.016018403170000,0.120118242558965,-0.048477855805469
163645087.412919819355011,-25946.438234099998226,-93095.437826099994709,-4.405604839320000,-0.011324099999911,0.137143900006777,-0.015904839319999,0.130013755489279,-0.045089998153147
163645087.509426176548004,-25947.110822700000426,-93093.918431800004328,-4.460256576540000,-0.010422700001072,0.131648199996562,-0.014006576540000,0.124644201791842,-0.043631458803502
163645087.614100992679596,-25947.787539400000242,-93092.388808300005621,-4.515813350680000,-0.013899400000810,0.136261699997704,-0.015263350680001,0.130263314278168,-0.042330995262501
163645087.710608959197998,-25948.462842199998704,-93090.869607300002826,-4.572741508480000,-0.015312199997425,0.130742699999246,-0.021701508480000,0.125762110869561,-0.038884554021952
163645087.815192252397537,-25949.139520299999276,-93089.349962199994479,-4.622323989870000,-0.017010299998219,0.126157800012152,-0.023773989870000,0.122228291603834,-0.035572258032681
163645087.911713987588882,-25949.815074499998445,-93087.831540500003030,-4.667422771450000,-0.016384499998821,0.120879499998409,-0.021862771450000,0.117123326005493,-0.034094455054860
163645088.008230090141296,-25950.493074900001375,-93086.310794499993790,-4.717018127440000,-0.017194899999595,0.118375500009279,-0.024768127440001,0.115145096127113,-0.032404172976961
163645088.112796932458878,-25951.173017500001151,-93084.789887199993245,-4.761633872990000,-0.019127499999740,0.116382800013525,-0.023973872990000,0.114093822792374,-0.029890081897689
163645088.209299176931381,-25951.847150800000236,-93083.281272699998226,-4.806332111360000,-0.014240799999243,0.102567299996736,-0.025112111359999,0.099462101755424,-0.028812180195751
163645088.313773661851883,-25952.530763200000365,-93081.759332400004496,-4.852610588070000,-0.017363200000545,0.102727599994978,-0.030460588070000,0.100854065191943,-0.026132318099367
163645088.410292714834213,-25953.212965800001257,-93080.243312000005972,-4.893163204190000,-0.017565800000739,0.097627999988617,-0.032053204190000,0.096261937876860,-0.023946252893405
163645088.514859169721603,-25953.896180700001423,-93078.729531599994516,-4.933017730710000,-0.017830700002378,0.090738400002010,-0.031647730710000,0.090074916029657,-0.020926074637874
163645088.611336201429367,-25954.594281300000148,-93077.183927799997036,-4.973381996150000,-0.032441300001665,0.115912200009916,-0.028531996150000,0.119020446945865,-0.017950188459828
163645088.707858711481094,-25955.278386699999828,-93075.669791799999075,-5.016065120700000,-0.032766699998319,0.109738200000720,-0.026195120700001,0.113521498822777,-0.015132695503715
163645088.812422513961792,-25955.964903399999457,-93074.148206500001834,-5.061394691470000,-0.035503399998561,0.111013500005356,-0.027724691470000,0.115807970900015,-0.013153040367849
163645088.908932596445084,-25956.652993100000458,-93072.620744700005162,-5.106475830080000,-0.040033100001892,0.118075299993507,-0.031775830080000,0.124108942000139,-0.011891008364485
163645089.013520210981369,-25957.339915399999882,-93071.093957599994610,-5.147769451140000,-0.043875399998797,0.124232400004985,-0.032729451140001,0.131304391099808,-0.010858029930044
163645089.110033601522446,-25958.030335799998284,-93069.561718099997961,-5.186422348020000,-0.051945799998066,0.135521899996093,-0.027632348020000,0.144913215316056,-0.008044348497695
163645089.214593678712845,-25958.728102900000522,-93068.011072900000727,-5.186422348020000,-0.068072900001425,0.164887099992484,0.019667651980000,0.178308363824752,-0.005272840664689
163645089.311110556125641,-25959.417029000000184,-93066.471676400004071,-5.273990154270000,-0.075758999999380,0.182853599995724,-0.021590154270000,0.197848009235975,-0.005570489535369
163645089.407585710287094,-25960.093880399999762,-93064.951364900000044,-5.323772430420000,-0.071530400000483,0.181645100004971,-0.028132430420000,0.195017945205791,-0.008918605706949
163645089.512142658233643,-25960.765019400001620,-93063.444842600001721,-5.366036891940000,-0.061779400002706,0.166557399992598,-0.027656891940000,0.177265124866877,-0.011624855393481
163645089.608655333518982,-25961.437237699999969,-93061.935955699998885,-5.410076618190000,-0.053307700000005,0.153754300001310,-0.026666618190000,0.162119064714410,-0.014124606341707
163645089.713240712881088,-25962.109622399999353,-93060.426063199993223,-5.456207275390000,-0.044662399999652,0.142096800002037,-0.025797275390000,0.147939720298819,-0.017322520095380
163645089.809738576412201,-25962.782783300001029,-93058.911037600002601,-5.502985477450000,-0.035893300002499,0.135992399998941,-0.027895477450000,0.138770415557926,-0.022913611858930
163645089.914326637983322,-25963.476468299999397,-93057.354483899995103,-5.546617507930000,-0.046988300000521,0.171696100005647,-0.032317507929999,0.175879938735710,-0.027453565240440
163645090.010872393846512,-25964.151315600000089,-93055.846595800001523,-5.586464405060000,-0.039015599999402,0.158854199995403,-0.036094405060000,0.160897123226799,-0.029478630172267
163645090.107383787631989,-25964.839672099999007,-93054.309381099999882,-5.620233058930000,-0.044562099999894,0.175328900004388,-0.032293058930001,0.178199464596003,-0.031160146836093
163645090.211905688047409,-25965.513190900001064,-93052.801843099994585,-5.659727573390000,-0.035160900002666,0.162176900004852,-0.031767573390000,0.162342066234638,-0.034390250287682
163645090.308315426111221,-25966.189077300001372,-93051.291937799993320,-5.698895931240000,-0.027277299999696,0.151762200010126,-0.032205931240000,0.149582503054617,-0.037428481496080
163645090.412876814603806,-25966.866753800000879,-93049.782087300001876,-5.737273693080000,-0.019913800002541,0.141882700001588,-0.035943693080000,0.137518889004061,-0.040197203352606
163645090.509417325258255,-25967.547649500000261,-93048.267803199996706,-5.773393630980000,-0.014869499998895,0.136826800007839,-0.038863630980000,0.130817476862301,-0.042772222037013
163645090.614020287990570,-25968.229896199998620,-93046.753570000000764,-5.804718494420000,-0.010486199997104,0.132039999996778,-0.034938494420000,0.124622902229143,-0.044873758807500
163645090.710534244775772,-25968.915257900000142,-93045.239352100004908,-5.841204166410000,-0.007507900001656,0.128007899998920,-0.034604166409999,0.119649370665712,-0.046113112276959
163645090.815066337585449,-25969.615551099999720,-93043.698315200002980,-5.875199317930000,-0.016281100000924,0.152244800003245,-0.031719317930000,0.145223266570851,-0.048515525265217
163645090.911582767963409,-25970.314261100000294,-93042.179376300002332,-5.915102481840000,-0.019111099998554,0.156373699996038,-0.036622481840000,0.150006200272512,-0.048125960493363
163645091.008240699768066,-25971.010957800001052,-93040.677439599996433,-5.949300289150000,-0.014987800001109,0.145800400001463,-0.038980289150000,0.138516786413799,-0.047911279163197
163645091.112722367048264,-25971.710865400000330,-93039.178738300004625,-5.980390071870000,-0.008645400001114,0.134511700001894,-0.039090071870000,0.125418001042819,-0.049380820092445
163645091.209220111370087,-25972.415451900000335,-93037.683230499998899,-6.009410858150000,-0.000501900001836,0.123079500001040,-0.036340858150000,0.111363816215013,-0.052411026150484
163645091.313740760087967,-25973.127137399998901,-93036.195226600000751,-6.038781642910000,0.008082600001217,0.107723399996758,-0.037081642910000,0.093530433534894,-0.054052912339816
163645091.410265356302261,-25973.848615800001426,-93034.705858700006502,-6.072051048280000,0.014604199997848,0.097471299988683,-0.049461048280000,0.081180647150860,-0.055889529495502
163645091.514827281236649,-25974.592127100000653,-93033.194067400007043,-6.087388515470000,0.006542899998749,0.113272599992342,-0.050888515470000,0.098643216517805,-0.056062530128779
163645091.611292213201523,-25975.343506099998194,-93031.687965399993118,-6.099254608150000,-0.002076099997794,0.127004600013606,-0.050724608149999,0.114503608389499,-0.054985473368892
163645091.707763612270355,-25976.085485700001300,-93030.216763000003994,-6.110339641570000,0.006134299997939,0.109566999992239,-0.046079641570000,0.094959863423128,-0.055001649633669
163645091.812303662300110,-25976.839027000001806,-93028.747819500000332,-6.120559215550000,0.010192999998253,0.093610500000068,-0.035589215550000,0.078640239936037,-0.051793200538580
163645091.908806949853897,-25977.600450300000375,-93027.278255600002012,-6.142494201660000,0.013219699998444,0.081804400004330,-0.037174201660000,0.066538392369036,-0.049389904525738
163645092.013368964195251,-25978.366383600001427,-93025.808772899996256,-6.159942626950000,0.017896399996971,0.073107100004563,-0.042872626950000,0.056462971362571,-0.049768082832657
163645092.109862446784973,-25979.139122500000667,-93024.341762600000948,-6.171464443210000,0.021707500000048,0.065057400002843,-0.053434443210000,0.047366345283775,-0.049599497838589
163645092.214327931404114,-25979.921500600001309,-93022.868856300003245,-6.176762580870000,0.021649399997841,0.065923699992709,-0.061122580870000,0.047968169332881,-0.050136667937222
163645092.310879349708557,-25980.704457600000751,-93021.408935900006327,-6.171506404880000,0.026462400001037,0.056734099998721,-0.053896404880000,0.037411820125161,-0.050193350469981
163645092.407368034124374,-25981.507170500000939,-93019.924146399993333,-6.171163082120000,0.016799499997433,0.075243600003887,-0.047373082120000,0.058111116302876,-0.050664787611735
163645092.511901468038559,-25982.298073999998451,-93018.469502199994167,-6.175693511960000,0.023966000000655,0.066357800009428,-0.046633511960000,0.046708395518213,-0.052877713322691
163645092.608381718397141,-25983.094409400000586,-93017.015825900001801,-6.180630683900000,0.030250600000727,0.058974100000341,-0.050790683900000,0.037052833713458,-0.054955716582146
163645092.712908059358597,-25983.892888700000185,-93015.563379900006112,-6.177923679350000,0.038391300000512,0.052590099992813,-0.051713679350000,0.027379247194918,-0.059076114936774
163645092.809365004301071,-25984.699516100001347,-93014.110297299994272,-6.180725574490000,0.041933900000004,0.048792700006743,-0.059845574490001,0.022201556295892,-0.060384355930975
163645092.913927376270294,-25985.510757200001535,-93012.657233200006885,-6.175133228300000,0.044062799999665,0.046746799998800,-0.059093228300000,0.019246884878123,-0.061289077953797
163645093.010420262813568,-25986.326085600001534,-93011.210351700006868,-6.168818950650000,0.045304399998713,0.040318299987121,-0.057438950650001,0.012893649055835,-0.059260507820300
163645093.115011811256409,-25987.154481599998689,-93009.757066299993312,-6.164805412290000,0.037158400002227,0.042373700009193,-0.058875412290000,0.018539865968484,-0.053221710918245
163645093.211541354656219,-25987.983449300001666,-93008.313466899999185,-6.157406806950000,0.032320700000128,0.036933099996531,-0.058086806950000,0.016073670975017,-0.046371528174505
163645093.308275669813156,-25988.810363000000507,-93006.878870500004268,-6.150369167330000,0.032726999997976,0.024329499996384,-0.058439167330000,0.004848012708253,-0.040490466430040
163645093.412847340106964,-25989.637257300000783,-93005.440881000002264,-6.144512176510000,0.035422699998890,0.016399000000092,-0.060702176510000,-0.003429496946048,-0.038883588143475
163645093.509312480688095,-25990.466685700001108,-93004.002254000006360,-6.132248401640000,0.037694299997383,0.010315999999875,-0.057028401640000,-0.009890733986909,-0.037808114069474
163645093.613876163959503,-25991.300943099999131,-93002.557813899999019,-6.123387813570000,0.037036900001112,0.011156099993968,-0.055747813570000,-0.008876370235610,-0.037648380844443
163645093.710326969623566,-25992.148703099999693,-93001.094369600003120,-6.112222671510000,0.023926900001243,0.031610399993951,-0.050112671510000,0.015377804147162,-0.036540895871046
163645093.814898401498795,-25993.001577200000611,-92999.620513000001665,-6.107100486760000,0.005972799997835,0.062626999992062,-0.049270486760000,0.051213482295404,-0.036537579271186
163645093.895304203033447,-25993.677138300001388,-92998.450517300007050,-6.102524280550000,0.165481699998054,-0.210127300000750,-0.049344280550000,-0.264762701505886,-0.037926074555060
163645094.007882386445999,-25994.680029499999364,-92996.713801499994588,-6.098597526550000,-0.001779499998520,0.084138500009431,-0.051127526550000,0.073685405277351,-0.040656055553806
163645094.112440735101700,-25995.519856300001265,-92995.254161300006672,-6.090035438540000,-0.005006300001696,0.101918699991074,-0.048545438540001,0.090649323875507,-0.046852796378562
163645094.192878752946854,-25996.187943900000391,-92994.095821199996863,-6.081951141360000,0.164796099998057,-0.180871199991088,-0.045391141360001,-0.239217849590772,-0.051448673432390
163645094.289651662111282,-25997.025025399998412,-92992.648614799996722,-6.079711914060000,0.167144600000029,-0.173884799994994,-0.046371914060000,-0.234428645874657,-0.056713763513307
163645094.394197881221771,-25997.875317699999869,-92991.193440200004261,-6.075826168060000,0.158232300000236,-0.157800200002384,-0.045186168060000,-0.216129413853181,-0.056801763631401
163645094.490665972232819,-25998.719073699998262,-92989.752475100001902,-6.072986602780000,0.158066300002247,-0.154605100004119,-0.046466602780001,-0.213374982775468,-0.057955231595193
163645094.595212250947952,-25999.579726600000868,-92988.279682499996852,-6.069922924040000,0.142893399999593,-0.118522499993560,-0.049222924040000,-0.174649992058132,-0.062956231163099
163645094.707821488380432,-26000.581653599998390,-92986.570908199995756,-6.065061569210000,-0.012243599998328,0.154371800002991,-0.050711569210000,0.139167100277704,-0.067919633224701
163645094.812356173992157,-26001.418971499999316,-92985.141483300001710,-6.054490566250000,-0.001601500000106,0.148556700005429,-0.045910566250000,0.128684750397002,-0.074242123717029
163645094.908863127231598,-26002.261404500000936,-92983.714499699999578,-6.045772075650000,0.005405500000052,0.141210300003877,-0.041762075650000,0.118707232492382,-0.076669167280172
163645094.989253103733063,-26002.942381799999566,-92982.566406300000381,-6.045207500460000,0.175488199998654,-0.144076299999142,-0.044657500460000,-0.213509323205045,-0.077251909133262
163645095.093791186809540,-26003.797523599998385,-92981.131818499998190,-6.040445804600000,0.172446399999899,-0.142258499996387,-0.043055804600000,-0.210430400187607,-0.075460508685212
163645095.190315812826157,-26004.651358999999502,-92979.696734099998139,-6.034395694730000,0.171091000000160,-0.139724099994055,-0.040875694730000,-0.207567631009661,-0.075568730022680
163645095.294885754585266,-26005.504406700001709,-92978.261222000000998,-6.031116008760000,0.170593299997563,-0.136712000006810,-0.042386008759999,-0.204729293028782,-0.076669169330674
163645095.407945841550827,-26006.529999900001712,-92976.539156700004241,-6.026410579680000,-0.002279900003487,0.152983299994958,-0.042870579680001,0.132611924650594,-0.076309668206841
163645095.512481123209000,-26007.384932400000253,-92975.104708600003505,-6.024455547330000,-0.004092399998626,0.155271399999037,-0.045785547330000,0.135477095595202,-0.075973100269097
163645095.592846840620041,-26008.069956300001650,-92973.957583299998078,-6.018768310550000,0.164693699996860,-0.129363300002296,-0.044418310549999,-0.195478365566782,-0.075147101085001
163645095.713617205619812,-26009.097476999999344,-92972.236200300001656,-6.010797023770000,-0.008287000000564,0.160709699994186,-0.041087023770000,0.142222368491743,-0.075293292807722
163645095.794047266244888,-26009.783500099998491,-92971.089246899995487,-6.008818626400000,0.160609900001873,-0.123426899997867,-0.044618626400000,-0.188329014197035,-0.074578294652454
163645095.890500605106354,-26010.640634799998224,-92969.655189199998858,-6.002388000490000,0.158235200000490,-0.120519200005219,-0.044298000490000,-0.184594950317104,-0.074080769478448
163645095.995035737752914,-26011.497422299999016,-92968.221337299997685,-6.001849651340000,0.155657700001029,-0.118187300002319,-0.050069651339999,-0.181239290844787,-0.073142852730307
163645096.107767105102539,-26012.524331600001460,-92966.500769899997977,-5.994224548340000,-0.017591600000742,0.170560099999420,-0.048394548340000,0.155513942341616,-0.072219289942278
163645096.212341606616974,-26013.380055300000095,-92965.066263400003663,-5.987726211550000,-0.019685300001584,0.173176600001170,-0.046356211550000,0.158821260748417,-0.071787554341968
163645096.308813512325287,-26014.236474799999996,-92963.631735200004186,-5.978347301480000,-0.021934799999144,0.176184800002375,-0.040387301480000,0.162519217244100,-0.071482328090544
163645096.389231443405151,-26014.922435699998459,-92962.484624699995038,-5.976882457730000,0.147034300000087,-0.107794700001250,-0.043572457730001,-0.167958877003518,-0.070912610730335
163645096.509870707988739,-26015.952353699998639,-92960.764095999998972,-5.970474243160000,-0.027643699999317,0.181853999994928,-0.042744243160000,0.170279308589604,-0.069570169829130
163645096.590273767709732,-26016.639042200000404,-92959.616829999999027,-5.964955329900000,0.140897799999948,-0.101779999997234,-0.041745329900000,-0.159652009525793,-0.068721134293886
163645096.694809347391129,-26017.496350800000073,-92958.184387700006482,-5.966060161590000,0.139159199999995,-0.100037700001849,-0.046580161590000,-0.157297177580797,-0.068047206345401
163645096.807360202074051,-26018.526437600001373,-92956.466932099996484,-5.961850166320000,-0.034327600002143,0.187367899998208,-0.046310166320000,0.178351869675108,-0.066900856908105
163645096.911900371313095,-26019.386531399999512,-92955.035532599998987,-5.957286357880000,-0.036601399999199,0.189387399994303,-0.046506357880000,0.181200263571257,-0.066134062631976
163645097.008417218923569,-26020.247801699999400,-92953.604720000002999,-5.950465202330000,-0.039181699998153,0.191389999992680,-0.045445202330000,0.184217610238081,-0.065032374938286
163645097.112986803054810,-26021.109536100000696,-92952.172710300001199,-5.940374851230000,-0.041866100000334,0.194779700002982,-0.041204851230000,0.188493598187680,-0.064514070595111
163645097.193419218063354,-26021.800133799999458,-92951.028498800005764,-5.934965133670000,0.127096200001688,-0.089288800008944,-0.040685133669999,-0.142058435378093,-0.062811900145072
163645097.289890408515930,-26022.665211100000306,-92949.599139300000388,-5.937019348140000,0.122888900001271,-0.087449300001026,-0.046169348139999,-0.138381157318391,-0.059997642565476
163645097.394444495439529,-26023.531089899999643,-92948.171539200004190,-5.933475971220000,0.119540100000449,-0.086359200009611,-0.045085971220000,-0.135778094493137,-0.057550464726448
163645097.490964561700821,-26024.397035800000594,-92946.744171800004551,-5.928184986110000,0.117244199998822,-0.084841800009599,-0.043624986110000,-0.133322127976512,-0.056298700287370
163645097.611532270908356,-26025.438167200001772,-92945.030092300003162,-5.922856807710000,-0.059707200001867,0.203737699994235,-0.044476807710000,0.205168756243873,-0.054587375759843
163645097.708052784204483,-26026.303783999999723,-92943.601799700001720,-5.910477638240000,-0.060753999998269,0.206760300003225,-0.038847638240000,0.208282246269695,-0.055311626825318
163645097.812589496374130,-26027.168817300000228,-92942.173007200006396,-5.908430576320000,-0.060957300000155,0.210442799987504,-0.042750576320000,0.211529739068580,-0.057071306095689
163645097.893023073673248,-26027.862964399999328,-92941.031935599996359,-5.904066562650000,0.109625600001891,-0.073655599990161,-0.043326562650000,-0.119829232056036,-0.055532645628909
163645098.013599723577499,-26028.902431700000307,-92939.320697400005884,-5.904527187350000,-0.065761699999712,0.211982599998009,-0.048027187350001,0.215386483214252,-0.053571323834350
163645098.094009041786194,-26029.595585999999457,-92938.177949699995224,-5.898115158080000,0.103933999998844,-0.071569699997781,-0.045305158080001,-0.115009025495407,-0.051936715030208
163645098.190497666597366,-26030.459381199998461,-92936.748482399998466,-5.894433975220000,0.101358800002345,-0.069402399996761,-0.044683975220000,-0.111758554238224,-0.050993382098148
163645098.295046359300613,-26031.321389000000636,-92935.319183600004180,-5.884209632870000,0.098761000001105,-0.068483600000036,-0.037879632870000,-0.109569632361921,-0.049378479667326
163645098.407659739255905,-26032.353330800000549,-92933.602431799998158,-5.886932849880000,-0.075390800000605,0.218888200004585,-0.045392849880000,0.226501342042991,-0.047884850200270
163645098.512211561203003,-26033.212924600000406,-92932.169126099994173,-5.876392364500000,-0.078644600002008,0.221953900007065,-0.040592364500000,0.230851252030620,-0.046434968221344
163645098.608720391988754,-26034.071051200000511,-92930.733759800001280,-5.872860431670000,-0.082011200000125,0.226140200000373,-0.042650431670000,0.236224440279787,-0.045422910476658
163645098.689113050699234,-26034.754993499998818,-92929.586311799997929,-5.870869159700000,0.087166500001331,-0.058571799992933,-0.045839159700000,-0.094907078889581,-0.044958879585027
163645098.809706568717957,-26035.778857799999969,-92927.866800799994962,-5.866422176360000,-0.085097800001677,0.227899200006505,-0.046652176360000,0.239409713132930,-0.043158662935016
163645098.890106469392776,-26036.461095099999511,-92926.720022299996344,-5.863601207730000,0.082804900001065,-0.059252299994114,-0.049201207730000,-0.093178480748739,-0.041051884781770
163645099.010756254196167,-26037.482083599999896,-92924.996578200007207,-5.854344844820000,-0.089433599998301,0.229431799991289,-0.045124844820000,0.243017622921941,-0.039746126921606
163645099.091191142797470,-26038.161440899999434,-92923.845393199997488,-5.846951007840000,0.078859100001864,-0.054773199997726,-0.043231007840000,-0.087251828149004,-0.040074674992463
163645099.211817950010300,-26039.180912700001500,-92922.116764399994281,-5.843035221100000,-0.093652700001257,0.238035600006697,-0.046235221100000,0.252610731879188,-0.040244170106174
163645099.308307319879532,-26040.030891599999450,-92920.674967099999776,-5.835307121280000,-0.097011599998950,0.243822899996303,-0.045677121280000,0.259311246578174,-0.040231014094067
163645099.412865161895752,-26040.879292900001019,-92919.234135799997603,-5.828294754030000,-0.099282900002436,0.248344200008432,-0.043274754030000,0.264377032318382,-0.040456404848270
163645099.493296265602112,-26041.554643799998303,-92918.084695600002306,-5.825407028200000,0.070826200000738,-0.038885600006324,-0.042517028200000,-0.069426295074539,-0.041333159165729
163645099.589813262224197,-26042.399974200001452,-92916.645187000001897,-5.818059921260000,0.070435800000269,-0.036387000000104,-0.038319921259999,-0.067063293031662,-0.042281561210945
163645099.710429221391678,-26043.416297100000520,-92914.914840299999923,-5.817139625550000,-0.101337100000819,0.256729700005963,-0.044209625550001,0.272691428287100,-0.042646590021580
163645099.790826290845871,-26044.094953299998451,-92913.761729699996067,-5.812975406650000,0.063796700000239,-0.027839699992910,-0.049285406649999,-0.056289001891332,-0.040946502813957
163645099.911438018083572,-26045.110200600000098,-92912.029322699992917,-5.799816608430000,-0.108780599999591,0.266237300005741,-0.045386608429999,0.284720173340238,-0.040619474931650
163645100.007959246635437,-26045.955689599999459,-92910.595865700001013,-5.796221733090000,-0.112829599998804,0.260674299992388,-0.051051733090000,0.281995148611735,-0.034063844055788
163645100.112540811300278,-26046.800868400001491,-92909.163891899996088,-5.785373687740000,-0.117978400001448,0.252768100006506,-0.049773687740000,0.277793348672617,-0.025327271488542
163645100.209036946296692,-26047.643114899998181,-92907.723388300000806,-5.778076171880000,-0.121994899996935,0.252321699997992,-0.051216171879999,0.279459652156166,-0.021243792785031
163645100.313578873872757,-26048.481933800001570,-92906.278920700002345,-5.767467021940000,-0.124743800002761,0.254619300001650,-0.048357021940000,0.282857404723730,-0.019588061808540
163645100.394008964300156,-26049.146286399998644,-92905.127080000005662,-5.758275508880000,0.044693600000755,-0.037020000003395,-0.047455508880000,-0.054395841336515,-0.020225991361897
163645100.490443676710129,-26049.974509499999840,-92903.678303199994843,-5.746595859530000,0.047580499998730,-0.033283199998550,-0.046095859530000,-0.052549681644759,-0.024702354974924
163645100.594920873641968,-26050.765128499999264,-92902.302337100001751,-5.740962028500000,0.084601500002464,-0.104337099997792,-0.052902028500000,-0.132545533203151,-0.021801969326384
163645100.707595139741898,-26051.706811600000947,-92900.655468400000245,-5.733453750610000,-0.033761599999707,0.093041600004653,-0.058963750610000,0.097601144689613,-0.016449970250533
163645100.812114238739014,-26052.548493599999347,-92899.154710899994825,-5.714076042180000,-0.057293599998957,0.141369100005249,-0.053116042180000,0.151325929247911,-0.019189637161525
163645100.908617645502090,-26053.366356300000916,-92897.687151899997843,-5.699179649350000,-0.063256299999921,0.153028100001393,-0.050839649350000,0.164500372850075,-0.018936372722956
163645100.989049732685089,-26054.018073200000799,-92896.502422299992759,-5.689810752870000,0.089816799998516,-0.122082299989415,-0.053760752870000,-0.150229111586803,-0.020058902375724
163645101.093560457229614,-26054.821485600001324,-92895.028986599994823,-5.679414749150000,0.083744399998977,-0.112606599999708,-0.057034749150001,-0.138898943230293,-0.020011358379448
163645101.190079599618912,-26055.632329399999435,-92893.511803899993538,-5.656328201290000,0.062390600000072,-0.063593899991247,-0.049558201290000,-0.085495282991822,-0.025046510148401
163645101.294621765613556,-26056.430021600001055,-92892.010754799994174,-5.649679183960000,0.045658399998501,-0.035294799992698,-0.059139183960000,-0.052505812954110,-0.023948945759172
163645101.391160994768143,-26057.208296600001631,-92890.536518299995805,-5.638450145720000,0.038773399999627,-0.038808299999801,-0.063040145720000,-0.052293367705729,-0.016579034664270
163645101.511807888746262,-26058.114431999998487,-92888.776001699996414,-5.625380516050000,-0.106861999996909,0.238308300002245,-0.064060516050000,0.260862510001136,-0.012691878080352
163645101.608272999525070,-26058.874674999999115,-92887.256236600005650,-5.602897167210000,-0.118814999997994,0.268513399991207,-0.056807167210000,0.293328457828172,-0.013223691901572
163645101.712790817022324,-26059.610041600000841,-92885.756121400001575,-5.596151828770000,-0.118921600002068,0.272568600004888,-0.067801828770000,0.297126816123169,-0.012314373560401
163645101.809272646903992,-26060.333239200001117,-92884.254617300000973,-5.579407691960000,-0.120089200001530,0.271602699998766,-0.071957691960000,0.296853012809818,-0.008229908223126
163645101.913812696933746,-26061.046843000000081,-92882.745064999995520,-5.563384532930000,-0.124833000001672,0.272425000002841,-0.083614532930000,0.299659514456274,-0.001683422643014
163645101.994292080402374,-26061.610161000000517,-92881.533963800000492,-5.535609722140000,0.007299000000785,-0.031463799998164,-0.094499722140000,-0.031666508252347,0.006362261110641
163645102.090791165828705,-26062.309891299999435,-92879.995776399999158,-5.494780063630000,-0.011401299998397,-0.014756399992621,-0.101230063630000,-0.008884911481984,0.016395100803379
163645102.211442947387695,-26063.127396700001555,-92878.152541599993128,-5.457879543300000,-0.163606699999946,0.300038400004269,-0.114019543300000,0.340252980148784,0.031907730440515
163645102.307930827140808,-26063.768968799999129,-92876.659363700004178,-5.408129692080000,-0.156598800000211,0.257626299993717,-0.112399692080000,0.298030672372258,0.045521565606848
163645102.412434905767441,-26064.398961200000485,-92875.117498000006890,-5.362871170040000,-0.155341199999384,0.256681999991997,-0.114291170040000,0.296150199099231,0.048079071440971
163645102.492833018302917,-26064.884450599998672,-92873.880931499996223,-5.312511444090000,-0.027010599998903,-0.056561499994132,-0.111221444090000,-0.042871656422325,0.045725232306605
163645102.613800674676895,-26065.584911099998862,-92872.028954699999304,-5.268514156340000,-0.130811099999846,0.238895300004515,-0.115744156340000,0.269708600474644,0.037944420899863
163645102.694211423397064,-26066.044099300001108,-92870.774259900004836,-5.223513126370000,-0.010009300000092,-0.069209900000715,-0.125343126370001,-0.061562374353384,0.033170324215699
163645102.790728777647018,-26066.616315899998881,-92869.158151299998281,-5.144592285160000,-0.018975899998622,-0.022011299995938,-0.112732285160000,-0.014428747933045,0.025226837720047
163645102.895273238420486,-26067.166112599999906,-92867.547456999993301,-5.079722404480000,-0.022942600000533,0.013643000012962,-0.122932404480000,0.020315360384859,0.017314169820452
163645103.007850110530853,-26067.784043299998302,-92865.680992099994910,-5.016522884370000,-0.112943299998733,0.298957899998641,-0.135162884370000,0.319271262008578,0.014066849030646
163645103.112352728843689,-26068.286549199998262,-92864.100840700004483,-5.016522884370000,-0.105079199998727,0.292229300001054,-0.208232884369999,0.310312714209974,0.012067371342488
163645103.208872705698013,-26068.774481500000547,-92862.498846100002993,-4.851819038390000,-0.099711499999103,0.301933900002041,-0.118609038390001,0.317885576674173,0.007431241150831
163645103.313412070274353,-26069.243317600001319,-92860.911236400002963,-4.791940212250000,-0.092577600000368,0.291983599992818,-0.141600212250000,0.306231303059008,0.006886487738777
163645103.393868327140808,-26069.607795399999304,-92859.641445000001113,-4.714265346530000,0.000864600002387,-0.041045000005397,-0.155725346530001,-0.039757110468474,0.010237759804016
163645103.490460574626923,-26070.054082300001028,-92858.020420200002263,-4.613757610320000,-0.006152300000394,-0.028020199999446,-0.150687610320000,-0.025478189968237,0.013185000540245
163645103.594952076673508,-26070.488547799999651,-92856.371283800006495,-4.518188476560000,-0.020067800000106,0.008076199999778,-0.148218476559999,0.012787779692331,0.017447472419267
163645103.707565158605576,-26070.949716800001625,-92854.520911800005706,-4.447521686550000,-0.079096800000116,0.240748199998052,-0.168511686550000,0.252621168515776,0.019963586608723
163645103.812323093414307,-26071.326472799999465,-92852.909740100003546,-4.356173992160000,-0.071942800001125,0.229789899996831,-0.169933992160000,0.240092100419225,0.018301582686753
163645103.908841669559479,-26071.681106799998815,-92851.319233300004271,-4.264075279240000,-0.061016799998470,0.193916699994588,-0.173605279240000,0.202487118952321,0.018047245696592
163645104.013401389122009,-26072.025208600000042,-92849.684307400006219,-4.164804935460000,-0.058228599998984,0.198382599992328,-0.172374935460000,0.206073148225030,0.016735692940018
163645104.093831598758698,-26072.285009300001548,-92848.386384400000679,-4.067480564120000,0.010140700000193,-0.138004399996134,-0.174420564120000,-0.137386576552445,0.016522009502057
163645104.190525621175766,-26072.593972899998334,-92846.756666000001132,-3.966015338900000,0.010827100002643,-0.146225999997114,-0.172635338900000,-0.145773656844648,0.015789557934341
163645104.295059323310852,-26072.888897799999540,-92845.094653599997400,-3.870783329010000,0.007432200000039,-0.125473599997349,-0.177073329010000,-0.124908950274947,0.014021983966123
163645104.407584935426712,-26073.210376899998664,-92843.146472799999174,-3.768650054930000,-0.039556899999297,0.178507200005697,-0.174280054930000,0.182541017823845,0.010408919408994
163645104.512060016393661,-26073.463172200001281,-92841.515213999999105,-3.674545049670000,-0.032752200000687,0.163136000002851,-0.178365049670000,0.166219396708645,0.007561300128223
163645104.608539193868637,-26073.705472400000872,-92839.879801599992788,-3.576133966450000,-0.028482400000939,0.149888400002965,-0.175173966450000,0.152431428565085,0.006514533818287
163645104.688993573188782,-26073.893868700000894,-92838.560839300000225,-3.484570741650000,0.017461299998104,-0.181569299995317,-0.175730741650000,-0.182246738653202,0.007644210141316
163645104.809685647487640,-26074.161259600001358,-92836.577698299995973,-3.484570741650000,-0.027409600003011,0.149531700008083,-0.267160741650000,0.151828756108174,0.007684028779042
163645104.890114903450012,-26074.331696299999749,-92835.246588800000609,-3.296099901200000,0.013163700001314,-0.172918800002662,-0.170139901200000,-0.173220520986658,0.008297318916146
163645104.994700133800507,-26074.534370099998341,-92833.578424899998936,-3.202866077420000,0.010309900000721,-0.159724900004221,-0.169366077420000,-0.159834870957406,0.008435149400738
163645105.091209292411804,-26074.722905999999057,-92831.927531599998474,-3.117164373400000,0.010934000001726,-0.165051599993603,-0.179444373400000,-0.165246999195366,0.007417025914259
163645105.211840540170670,-26074.936848500001361,-92829.960691800006316,-3.019552946090000,-0.023368500002107,0.144498199995724,-0.182052946090000,0.146156511931757,0.008005661390213
163645105.308330357074738,-26075.104475399999501,-92828.312272800001665,-2.922067880630000,-0.019925399999920,0.134747200005222,-0.188477880630000,0.136066186657865,0.006310493070379
163645105.412883490324020,-26075.266104199999972,-92826.630483700006153,-2.808749437330000,-0.019354200001544,0.157446299999719,-0.180459437330000,0.158572128257919,0.004336194305539
163645105.509371310472488,-26075.420581300000777,-92824.961519599994062,-2.706485271450000,-0.020531300000584,0.166470399999525,-0.181385271450000,0.167641113631620,0.005512293176736
163645105.589777201414108,-26075.537525499999902,-92823.624769100002595,-2.603836536410000,0.007994499999768,-0.157389100000728,-0.178626536410000,-0.157497178935385,0.005466210449723
163645105.694318354129791,-26075.677040599999600,-92821.953091500006849,-2.508502006530000,0.006949400001758,-0.146941500002868,-0.183022006530000,-0.147020544247083,0.005005811899047
163645105.790857970714569,-26075.809025700000348,-92820.298444100000779,-2.411651611330000,0.006454300000769,-0.154094099998474,-0.185831611330000,-0.154133983939325,0.005418914820475
163645105.911513954401016,-26075.958075400001690,-92818.321193700001459,-2.310858488080000,-0.018625400000019,0.160766300003161,-0.179988488080000,0.161691417737102,0.006970952017688
163645106.008027046918869,-26076.073423400001047,-92816.675543399993330,-2.218442916870000,-0.018283400000655,0.143456600009813,-0.175482916870000,0.144360215485754,0.008614347733058
163645106.112590074539185,-26076.183080200000404,-92814.990498600003775,-2.131062507630000,-0.020670199999586,0.164961399990716,-0.172652507630000,0.165926463338857,0.010388908449827
163645106.209056913852692,-26076.279373099998338,-92813.318971899992903,-2.045093774800000,-0.018223099999886,0.172418100002687,-0.174053774800000,0.173175262009942,0.008391138774368
163645106.313632726669312,-26076.365932699998666,-92811.645931899998686,-1.960200548170000,-0.015082699999766,0.180908099995577,-0.181700548170000,0.181443587458111,0.005783861480297
163645106.394059747457504,-26076.429646399999910,-92810.307231099999626,-1.859612107280000,0.001563599998917,-0.145461099993554,-0.178042107280000,-0.145380693209510,0.005082371317973
163645106.490529567003250,-26076.503835200001049,-92808.646419500000775,-1.764397621150000,-0.001745199999277,-0.150109499998507,-0.182647621150000,-0.149919997736825,0.007739637680773
163645106.595038324594498,-26076.568530299999111,-92806.977451200000360,-1.666902661320000,-0.004900299998553,-0.147011199995177,-0.183512661320000,-0.146754356071144,0.009973206016195
163645106.707601934671402,-26076.634287500000937,-92805.003159700005199,-1.561919450760000,-0.017387500000041,0.161150299987639,-0.170869450760000,0.161599882316293,0.012538834783095
163645106.812245845794678,-26076.679905799999688,-92803.352417700007209,-1.467908620830000,-0.016085799998109,0.145572299996275,-0.165138620830000,0.145950630511266,0.012184454897473
163645106.908737033605576,-26076.720906899998226,-92801.650201399999787,-1.375351071360000,-0.014896899996529,0.181308600003831,-0.163931071360000,0.181615810061736,0.010508263437661
163645107.013244539499283,-26076.755523200001335,-92799.948672400001669,-1.286669611930000,-0.011333200000081,0.216277600004105,-0.168739611930000,0.216473873142307,0.006595751097918
163645107.109735041856766,-26076.787918300000456,-92798.301170299993828,-1.201210379600000,-0.009258300000511,0.197149700004957,-0.172900379600000,0.197293841776131,0.005372180949937
163645107.190164029598236,-26076.813551600000210,-92796.969026299993857,-1.108838558200000,-0.003981599998951,-0.137426299988874,-0.169428558200000,-0.137334791874102,0.006402812513322
163645107.294734627008438,-26076.840878300001350,-92795.290395899995929,-1.020210146900000,-0.003708300002472,-0.125565900001675,-0.173710146900000,-0.125492299737459,0.005677097739402
163645107.407339513301849,-26076.869693799999368,-92793.258525500001269,-0.926993489265000,-0.008333800000401,0.239494499997818,-0.175733489265000,0.239585095977629,0.005103874708659
163645107.511919051408768,-26076.889245300000766,-92791.568723000003956,-0.834445595741000,-0.007855300002120,0.262426999994204,-0.176625595741000,0.262496448984436,0.005024971108645
163645107.608416587114334,-26076.904277800000273,-92789.904788200001349,-0.736880242825000,-0.007287799999176,0.259431800004677,-0.168720242825000,0.259483113839474,0.005146310782023
163645107.688799679279327,-26076.915684200001124,-92788.574981700003264,-0.648603141308000,-0.007194199999503,-0.077731700002914,-0.169403141308000,-0.077689020514623,0.007641321250570
163645107.809677749872208,-26076.927402599998459,-92786.582667800001218,-0.560402095318000,-0.011222599998291,0.247592200001236,-0.168772095318000,0.247634942455440,0.010236187144866
163645107.890104979276657,-26076.929989200001728,-92785.253150100004859,-0.474178701639000,-0.006799200000387,-0.089850100004696,-0.160238701639000,-0.089817124963460,0.007221748735404
163645107.994636207818985,-26076.935101399998530,-92783.577262699996936,-0.393824785948000,-0.002681399997527,-0.080952699994668,-0.151894785948000,-0.080934698689273,0.003178693198480
163645108.091162234544754,-26076.943651599998702,-92781.912256600000546,-0.319535195827000,-0.000401599998440,-0.082906600000570,-0.152465195827000,-0.082902064083725,0.000955707523833
163645108.211762368679047,-26076.955732700000226,-92779.901693000007072,-0.247281342745000,-0.001062700001057,0.260686999987229,-0.151721342745000,0.260688049219883,-0.000763077693005
163645108.308308899402618,-26076.968669300000329,-92778.254307700000936,-0.178288370371000,-0.001799300000130,0.241112300005625,-0.150218370371000,0.241119012310789,-0.000024428722191
163645108.413211226463318,-26076.983816399999341,-92776.584920099994633,-0.111940331757000,-0.003656400000182,0.243569900005241,-0.151420331757000,0.243591896689308,0.001628900497292
163645108.493589222431183,-26076.995824400000856,-92775.252324200002477,-0.045119792223000,-0.001074399999197,-0.090764200009289,-0.150969792223000,-0.090750752975816,0.001896094145076
163645108.590061306953430,-26077.012013200001093,-92773.589960099998279,0.021525107324100,-0.001893200002087,-0.095330099997227,-0.148284892675900,-0.095308054380181,0.002790509271386
163645108.694601774215698,-26077.027424600000813,-92771.915894999998272,0.085978858172900,-0.001224600000569,-0.088195000003907,-0.143151141827100,-0.088178609895270,0.002095334767607
163645108.791026949882507,-26077.043183099998714,-92770.259427199998754,0.139821425080000,-0.000433099998190,-0.098627200000919,-0.145308574920000,-0.098618214506914,0.001399972534728
163645108.911591529846191,-26077.064083799999935,-92768.281168100002105,0.197895169258000,-0.005673799998476,0.212701900003594,-0.140384830742000,0.212744174761776,0.003769134714062
163645109.008091956377029,-26077.080327499999839,-92766.639006400000653,0.250667542219000,-0.007967500001541,0.187933599998360,-0.136782457781000,0.187991607590598,0.006455582089987
163645109.112700700759888,-26077.092149100000825,-92764.955402599996887,0.299104213715000,-0.007019100001344,0.204567399996449,-0.135175786285000,0.204614089946594,0.005492094451414
163645109.193107932806015,-26077.101365499998792,-92763.611380799993640,0.345943391323000,-0.002595499998279,-0.118340799992438,-0.135566608677000,-0.118310789361237,0.003720038146640
163645109.313763767480850,-26077.121375200000330,-92761.595327599992743,0.399522751570000,-0.002815200001351,0.230842400007532,-0.130857248430000,0.230859507505170,-0.000163666598084
163645109.410261511802673,-26077.143663499999093,-92759.928798599998117,0.447363138199000,-0.002913500000432,0.230561400006991,-0.127456861801000,0.230579392329679,-0.000437593775432
163645109.490693718194962,-26077.168560400001297,-92758.592427299998235,0.492977857590000,0.001189599999634,-0.099267300000065,-0.124192142410000,-0.099272278318270,0.000653264848226
163645109.595237374305725,-26077.199584800000594,-92756.915320100000827,0.532262206078000,-0.007824799999071,-0.087740100003430,-0.118947793922000,-0.087682132905062,0.008449627971479
163645109.707802146673203,-26077.215418100000534,-92754.959467099994072,0.565366506577000,-0.016158099999302,0.201852900005179,-0.109703493423000,0.201931525572780,0.015143857366533
163645109.812317818403244,-26077.228289099999529,-92753.272193400000106,0.586363375187000,-0.011749099998269,0.222256599998218,-0.118106624813000,0.222401570705448,0.008577816813548
163645109.908789247274399,-26077.256745099999534,-92751.602103299999726,0.619575917721000,-0.010925099999440,0.225656700000400,-0.118584082279000,0.225824881475263,0.006589914396367
163645110.013360202312469,-26077.291479899999104,-92749.921430100002908,0.655282676220000,-0.014659899999970,0.239579899993259,-0.115427323780000,0.239798321494490,0.010497912040708
163645110.109838664531708,-26077.320880499999475,-92748.259228800001438,0.682483196259000,-0.017440499999793,0.235031200005324,-0.117386803741000,0.235268631248033,0.013874695198894
163645110.214417666196823,-26077.346550599999318,-92746.585328999994090,0.709869742393000,-0.018670599998586,0.242121000002953,-0.117480257607000,0.242365862546550,0.015164386529111
163645110.294796109199524,-26077.366315600000235,-92745.250931699993089,0.736808657646000,-0.013685599999008,-0.090291699991212,-0.116471342354000,-0.090072448329982,0.015061234560244
163645110.407369077205658,-26077.396160799999052,-92743.262627599993721,0.760815083981000,-0.017850799998996,0.231212400001823,-0.119474916019000,0.231458926634900,0.014303505032928
163645110.511879205703735,-26077.421584499999881,-92741.610094500007108,0.788434922695000,-0.016644499999529,0.216935499993269,-0.119905077305000,0.217185328393756,0.012983977359049
163645110.608373671770096,-26077.450752400000056,-92739.940788699997938,0.823230683804000,-0.015922400001728,0.219551300004241,-0.114929316196000,0.219806421515953,0.011892569769327
163645110.712939649820328,-26077.482987200000935,-92738.263903800005210,0.855355322361000,-0.018507200002205,0.229686199993012,-0.115804677639000,0.229970296140969,0.014557809312754
163645110.809456527233124,-26077.514315299998998,-92736.605276300004334,0.886657655239000,-0.022315300000628,0.221563699989929,-0.117312344761000,0.221893752072905,0.018751228182536
163645110.914003849029541,-26077.542136700001720,-92734.932478000002448,0.921654820442000,-0.024266700002045,0.227551999996649,-0.111085179558000,0.227893172886440,0.020820355021356
163645111.010522514581680,-26077.567697599999519,-92733.271963299994241,0.946553051472000,-0.024657599999045,0.221266699998523,-0.109726948528000,0.221615360232386,0.021297461703671
163645111.090962558984756,-26077.585094900001423,-92731.938098800004809,0.972337603569000,-0.017054900003131,-0.111678800007212,-0.106602396431000,-0.111418209825584,0.018681715778528
163645111.211525321006775,-26077.609603799999604,-92729.952897600000142,0.996525228024000,-0.019093799997790,0.206652399996528,-0.109634771976000,0.206872999908166,0.016533285568107
163645111.308045208454132,-26077.625946000000113,-92728.313482900004601,0.996525228024000,-0.017665999999736,0.179197099991143,-0.141054771976000,0.179352100161927,0.016016003519369
163645111.412581026554108,-26077.639973299999838,-92726.672064099999261,1.055116415020000,-0.018403300000500,0.153615899995202,-0.108963584980000,0.153746386092608,0.017279321332368
163645111.509063571691513,-26077.650008900000103,-92725.011329400003888,1.083257913590000,-0.016398899999331,0.147420599998441,-0.103072086410000,0.147535366297033,0.015332087812451
163645111.613607168197632,-26077.659761099999741,-92723.356307900001411,1.105635523800000,-0.014391100001376,0.135452100003022,-0.108024476200000,0.135547415224085,0.013463780321577
163645111.710145980119705,-26077.673457600001711,-92721.678046700006234,1.132362365720000,-0.016967600000498,0.146783299991512,-0.109847634280000,0.146893266669573,0.015987645646456
163645111.814708799123764,-26077.685664699998597,-92719.991725200001383,1.160161495210000,-0.017424699999538,0.166174800004228,-0.110008504790000,0.166300060735510,0.016185614782419
163645111.911211192607880,-26077.700172699998802,-92718.324205299999448,1.189151287080000,-0.018472699997801,0.166704699993716,-0.108268712920000,0.166856097583091,0.017051109774601
163645112.007694154977798,-26077.715280600001279,-92716.685904500001925,1.218533396720000,-0.019200599999749,0.138075499999104,-0.092676603280000,0.138234502319981,0.018020241638225
163645112.112261652946472,-26077.731916900000215,-92715.043968900004984,1.233473777770000,-0.022046900001442,0.113071100000525,-0.076976222230000,0.113245834971207,0.021131027345501
163645112.208737462759018,-26077.747701899999811,-92713.398882900000899,1.229414105420000,-0.024371899999096,0.091227099997923,-0.082055894580000,0.091422076964133,0.023630004806624
163645112.313302487134933,-26077.763321700000233,-92711.745859999995446,1.229414105420000,-0.026001700000052,0.077320000011241,-0.087075894580000,0.077541859020259,0.025332408182273
163645112.409829527139664,-26077.775949700000638,-92710.097583900002064,1.236332416530000,-0.024199700001191,0.058666099997936,-0.080457583470000,0.058868577654828,0.023702897164964
163645112.514348089694977,-26077.788956100001087,-92708.400781699994695,1.237502455710000,-0.024276100000861,0.088478300007409,-0.079717544290000,0.088648042686731,0.023648744813721
163645112.610868781805038,-26077.796731999998883,-92706.720028800002183,1.237780451770000,-0.021511999999348,0.102301199993235,-0.086709548230000,0.102423697445186,0.020920991030179
163645112.707325458526611,-26077.801211199999670,-92705.043239000005997,1.242806792260000,-0.017431199998100,0.112100999991526,-0.092913207740000,0.112179551836349,0.016918306128859
163645112.811844021081924,-26077.806847100000596,-92703.396905600005994,1.252836942670000,-0.016917100001592,0.091434399990248,-0.093803057330000,0.091482303504195,0.016656107576713
163645112.908346325159073,-26077.809919200000877,-92701.746280999999726,1.264881014820000,-0.017289200000960,0.075068999998621,-0.082558985180000,0.075079250903842,0.017244630502974
163645113.012858688831329,-26077.806879200001276,-92700.091159799994784,1.265758752820000,-0.014929200002371,0.063200200005667,-0.065521247180000,0.063184094702721,0.014997215410361
163645113.109362781047821,-26077.798247899998387,-92698.436691599999904,1.248762249950000,-0.008997899996757,0.050678400002653,-0.065817750050000,0.050659699223116,0.009102598848897
163645113.214198827743530,-26077.786928699999407,-92696.749129699994228,1.232714653020000,-0.002228699999250,0.071240300007048,-0.072815346980000,0.071232591088434,0.002462806449722
163645113.294654130935669,-26077.778307100001257,-92695.394675500006997,1.223695158960000,0.000012900000002,-0.241295500003616,-0.076214841040000,-0.241293352023885,-0.001018212886771
163645113.391171336174011,-26077.765732299998490,-92693.718489699997008,1.215012669560000,0.005267700002150,-0.232099699991522,-0.085647330440000,-0.232073099648623,-0.006332125942173
163645113.511819541454315,-26077.752314000001206,-92691.728132200005348,1.216328382490000,0.010275999997248,0.091267799987691,-0.090901617510000,0.091323487666873,-0.009768730260124
163645113.608286738395691,-26077.740567900000315,-92690.074042199994437,1.219891309740000,0.011122100000648,0.078427800006466,-0.094358690260000,0.078508654458863,-0.010536227851439
163645113.712851762771606,-26077.723732800001017,-92688.402055400001700,1.224052667620000,0.013207199997851,0.083484599992516,-0.095667332380000,0.083613192322086,-0.012366997913945
163645113.809330463409424,-26077.705052000001160,-92686.718135599992820,1.229343533520000,0.012707999998383,0.100464400005876,-0.094956466480000,0.100617071735446,-0.011436512050607
163645113.913868039846420,-26077.682551000001695,-92685.019791500002611,1.234222650530000,0.011908999997104,0.131998500000918,-0.093177349470000,0.132163036118218,-0.009917669455980
163645114.010385662317276,-26077.656522500001302,-92683.343040099993232,1.235141873360000,0.010497499999474,0.142009900009725,-0.094168126640000,0.142172783086331,-0.007994307756030
163645114.090807884931564,-26077.634159500001260,-92681.998690299995360,1.236738920210000,0.001050499999110,-0.180390299996361,-0.095561079790000,-0.180331637778799,-0.004718506017929
163645114.195297300815582,-26077.598930299998756,-92680.313937400002033,1.241715431210000,-0.000330299997586,-0.162207400004263,-0.094294568790000,-0.162171114044207,-0.003446662718096
163645114.307856976985931,-26077.550021800001559,-92678.349976400000742,1.248876810070000,0.007368200000201,0.135253600004944,-0.090223189930000,0.135398729144062,-0.003874381462014
163645114.412375241518021,-26077.503594900001190,-92676.675267400001758,1.246660590170000,0.008415099997364,0.143582599994261,-0.096669409830000,0.143764246183676,-0.004314910001021
163645114.508896976709366,-26077.452906099999382,-92675.001251099994988,1.251222252850000,0.008093899999949,0.151398900008644,-0.099917747150000,0.151581657334939,-0.003184226849579
163645114.613433390855789,-26077.392429999999877,-92673.313985800006776,1.259646177290000,0.010839999999007,0.172644199992646,-0.102343822710000,0.172924402426839,-0.004547134966106
163645114.709966003894806,-26077.326067000001785,-92671.645781800005352,1.273045063020000,0.013242999997601,0.175138199992944,-0.098774936980000,0.175527040168437,-0.006246944486126
163645114.814445942640305,-26077.253527000000759,-92669.968809400001192,1.280934333800000,0.016492999999173,0.186530599996331,-0.096495666200000,0.187066451014146,-0.008475062768854
163645114.910953193902969,-26077.177649000001111,-92668.311880099994596,1.285815596580000,0.018100999997841,0.178109900007257,-0.094764403420000,0.178753215145761,-0.009903068038257
163645115.007462918758392,-26077.096373000000312,-92666.651772199998959,1.288674831390000,0.019927000001189,0.173117800004547,-0.095465168610000,0.173887373686645,-0.011403476655082
163645115.112001180648804,-26077.016353200000594,-92665.016915300002438,1.291723132130000,0.015266800000973,0.143114699996659,-0.097236867870000,0.143716298456518,-0.007779337719901
163645115.208467006683350,-26076.927480300000752,-92663.347813700005645,1.296323060990000,0.014479699999356,0.147666299992125,-0.098326939010000,0.148239603108465,-0.006325973101443
163645115.307545959949493,-26076.836209100001724,-92661.682054499993683,1.302021503450000,0.011370899999747,0.149065500008874,-0.097568496550000,0.149473920397260,-0.002714365630018
163645115.412068814039230,-26076.743200000000797,-92660.046382800006540,1.301542043690000,0.004570000000967,0.120727199988323,-0.100087956310000,0.120779678365166,0.002865486178034
163645115.508728921413422,-26076.643247500000143,-92658.403647900006035,1.303072214130000,-0.001147499999206,0.099832099993364,-0.098767785870000,0.099547762918398,0.007616288024723
163645115.613298177719116,-26076.534884299999248,-92656.716742000004160,1.305230140690000,-0.003574300000764,0.123467999990680,-0.100469859310000,0.122941383840789,0.011938960654337
163645115.709730148315430,-26076.419380600000295,-92655.045553300005849,1.308314561840000,-0.003870600001392,0.131696699987515,-0.104865438160000,0.131092870802815,0.013178071051893
163645115.807314515113831,-26076.300647799998842,-92653.377315499994438,1.316157937050000,-0.005027799998061,0.137214500005939,-0.104032062950000,0.136486606695570,0.014983456791715
163645115.911889880895615,-26076.178977700001269,-92651.734667199998512,1.322779417040000,-0.004977700002200,0.117322799997055,-0.103020582960000,0.116645167561211,0.013539637405699
163645116.008381307125092,-26076.055570299999090,-92650.085055300005479,1.329217791560000,-0.004010299999209,0.104454699991038,-0.102352208440000,0.103872150684244,0.011723615847131
163645116.107445091009140,-26075.928287499998987,-92648.406621999994968,1.327794432640000,-0.001787499997590,0.120538000002853,-0.110535567360000,0.120053061748658,0.010948377309086
163645116.211938083171844,-26075.800825900001655,-92646.744165399999474,1.334590554240000,-0.003675900003145,0.121064599996316,-0.111539445760000,0.120396043203404,0.013226579076438
163645116.310721874237061,-26075.666479300001811,-92645.066489699995145,1.338593482970000,-0.004139300002862,0.137180300007458,-0.116636517030000,0.136372366087194,0.015431988933059
163645116.391158789396286,-26075.554126700000779,-92643.719822600003681,1.342242240910000,-0.032076700001198,-0.177222600003006,-0.123887759090000,-0.179315388811374,0.016815349244611
163645116.511771768331528,-26075.380591299999651,-92641.739342400003807,1.351600766180000,-0.003131299999950,0.142557599989232,-0.126139233820000,0.141733645934282,0.015622034584360
163645116.608704298734665,-26075.233867499999178,-92640.101333300000988,1.371463060380000,-0.004557500000374,0.120166699998663,-0.112836939620000,0.119270021036542,0.015344988653133
163645116.707646101713181,-26075.081285100000969,-92638.446918000001460,1.380478620530000,-0.005155099999683,0.114602000001469,-0.102261379470000,0.113611299817820,0.015895471495012
163645116.812178820371628,-26074.921389899998758,-92636.809128199995030,1.376742124560000,-0.007389899998088,0.093341800005874,-0.104877875440000,0.092132442547603,0.016700756884969
163645116.908687710762024,-26074.750077400000009,-92635.165942699997686,1.376319408420000,-0.008337399998709,0.078447300009429,-0.107820591580000,0.077127268055961,0.016579373924606
163645117.013198524713516,-26074.565178400000150,-92633.493985599998268,1.376787662510000,-0.003528400000505,0.093174399997224,-0.109272337490000,0.092222185383519,0.013747252252510
163645117.109701782464981,-26074.378464500001428,-92631.855142200001865,1.375967621800000,-0.003804500000115,0.075517799996305,-0.112312378200000,0.074592040739793,0.012387081771180
163645117.207307666540146,-26074.179929099998844,-92630.184262199996738,1.377203822140000,0.001100900000893,0.090697799998452,-0.114556177860000,0.090194719781525,0.009602886488104
163645117.311882823705673,-26073.975739199999225,-92628.541643699994893,1.383182525630000,0.004770800002007,0.078476300011971,-0.111407474370000,0.078470810174403,0.004860262009489
163645117.408381372690201,-26073.770100800000364,-92626.897511500006658,1.382221341130000,0.002589200001239,0.068618499994045,-0.114328658870000,0.068394265549204,0.006117755966377
163645117.512932896614075,-26073.558089499998459,-92625.256389500005753,1.387778878210000,-0.000259499996901,0.056660499991267,-0.110691121790000,0.056140690618887,0.007661752824465
163645117.609451830387115,-26073.332556400000612,-92623.578310600001714,1.389509797100000,0.005443599999126,0.082269399994402,-0.110770202900000,0.082266377145278,0.005489093529925
163645117.708372682332993,-26073.109992699999566,-92621.934043300003395,1.397835016250000,0.007717299999058,0.074196699992171,-0.107554983750000,0.074565169061979,0.002177744650375
163645117.812917530536652,-26072.884036600000400,-92620.270956099993782,1.405555725100000,0.010673400000087,0.085243900000933,-0.110194274900000,0.085904175409645,0.000957393398701
163645117.909423738718033,-26072.652398900001572,-92618.592177500002435,1.413565516470000,0.012271099996724,0.113022499994258,-0.113874483530000,0.113623603988783,0.003787085512885
163645118.008577704429626,-26072.412495000000490,-92616.959629699995276,1.422310829160000,0.008255000000645,0.096520300008706,-0.112429170840000,0.096660679441914,0.006405184510123
163645118.113118380308151,-26072.154969899998832,-92615.326714199996786,1.441509008410000,0.006770100000722,0.082705799999530,-0.095420991590000,0.082734112794670,0.006414841203092
163645118.209611147642136,-26071.879015999998956,-92613.659268300005351,1.445140481000000,0.014033999999810,0.104951699991943,-0.095709519000000,0.105834524356133,0.003296352757928
163645118.308513313531876,-26071.596540599999571,-92611.995375500002410,1.448234319690000,0.020309399998951,0.124924499992630,-0.099005680310000,0.126561549540084,0.000881251802198
163645118.413073718547821,-26071.320208799999818,-92610.366645400004927,1.447727799420000,0.020461200001591,0.110104599996703,-0.106102200580000,0.111969589742704,-0.002120051600694
163645118.509576678276062,-26071.043450299999677,-92608.704419500005315,1.460437774660000,0.026359700001194,0.128530499991030,-0.099472225340000,0.131111808503011,-0.004961540402614
163645118.608485907316208,-26070.767287599999690,-92607.058712600002764,1.468506693840000,0.023982400001842,0.131167400002596,-0.099523306160000,0.133335245440525,-0.001324634517241
163645118.713043034076691,-26070.479223199999979,-92605.394584199995734,1.479953169820000,0.025386799999978,0.153085800004192,-0.097706830180000,0.155169592114114,0.001466103782730
163645118.809552311897278,-26070.193340699999681,-92603.763017799996305,1.488722801210000,0.021179300001677,0.143112200006726,-0.097087198790000,0.144610506432407,0.004179230633623
163645118.909299701452255,-26069.903738500001054,-92602.117484799993690,1.495297908780000,0.017621499999223,0.147655200009467,-0.096092091220000,0.148445758902345,0.008742540589855
163645119.013859272003174,-26069.603235099999438,-92600.450122499998542,1.502517700200000,0.021764900000562,0.174577500001760,-0.091012299800000,0.175656807033733,0.009782664341221
163645119.110370934009552,-26069.301732100000663,-92598.803992000001017,1.503242611890000,0.023307899999054,0.180867999995826,-0.088667388110000,0.182100103917657,0.009800192754968
163645119.210680305957794,-26068.997502099999110,-92597.157857300000614,1.500039935110000,0.023857899999712,0.187902699995902,-0.087690064890000,0.189093165762375,0.010972635057701
163645119.315195232629776,-26068.687378599999647,-92595.499066200005473,1.498483657840000,0.026141400001507,0.208393799999612,-0.086316342160000,0.209620009281490,0.013069061984135
163645119.411687910556793,-26068.383711599999515,-92593.886529199997312,1.499236345290000,0.016858400002093,0.183540800004266,-0.085603654710000,0.183415055856707,0.018175483540130
163645119.508568555116653,-26068.071673200000077,-92592.273136100004194,1.502718329430000,0.010216800001217,0.160703899993678,-0.084661670570000,0.159656877172162,0.020971600965969
163645119.607534080743790,-26067.746911800000817,-92590.651016999996500,1.507522225380000,0.009618199997931,0.147873000008985,-0.090127774620000,0.146867441512514,0.019720256753545
163645119.712040662765503,-26067.415881100001570,-92589.039898000002722,1.516506433490000,0.008378899998206,0.125442000004114,-0.098783566510000,0.124565572641538,0.017009392778633
163645119.810323983430862,-26067.079825299999357,-92587.425108800001908,1.536952972410000,0.006184699999721,0.107971199991880,-0.093567027590000,0.106956676401533,0.016009369597544
163645119.915134787559509,-26066.729905500000314,-92585.763835999998264,1.549745202060000,0.012734500000079,0.137954000005266,-0.095624797940000,0.137596464897456,0.016145787544370
163645120.011644244194031,-26066.383213100001740,-92584.157880500002648,1.564260482790000,0.010476899999048,0.113849499990465,-0.100559517210000,0.113495567950373,0.013792394182712
163645120.108122587203979,-26066.030136299999867,-92582.551752400002442,1.587797164920000,0.007703700001002,0.091437600000063,-0.095292835080000,0.090950502275538,0.012173242103245
163645120.212683886289597,-26065.671487700001308,-92580.940167799999472,1.605232715610000,0.003422300000238,0.076002200003131,-0.096977284390000,0.074898631428654,0.013350713566035
163645120.309225171804428,-26065.306569399999717,-92579.323570099993958,1.624878287320000,-0.001329399998212,0.067119900006219,-0.102101712680000,0.065125357657851,0.016295277571648
163645120.413778692483902,-26064.932804899999610,-92577.709021999995457,1.647469282150000,-0.003284899998107,0.057578000007197,-0.097930717850000,0.055331026615618,0.016263276007254
163645120.510234028100967,-26064.548880800000916,-92576.066047200001776,1.665492415430000,-0.000480800001242,0.077692799997749,-0.088597584570000,0.075499345749880,0.018337151672806
163645120.614753991365433,-26064.156448800000362,-92574.416788899994572,1.675937891010000,0.006101200000558,0.105241099998238,-0.087892108990000,0.103775476946729,0.018535483666873
163645120.695167005062103,-26063.842159600000741,-92573.106589899995015,1.687273502350000,-0.068689600000653,-0.205529899991234,-0.089286497650000,-0.215898111375038,0.018676360548776
163645120.807739913463593,-26063.378855800001475,-92571.192120399995474,1.698233127590000,0.002704200000153,0.088639599998714,-0.087476872410000,0.086771087222818,0.018304912120603
163645120.912200123071671,-26062.990666199999396,-92569.591525499999989,1.705627202990000,-0.005526199998712,0.070094499998959,-0.082342797010000,0.066737048860573,0.022134681518181
163645121.008717119693756,-26062.593814700001531,-92567.989779499999713,1.706256031990000,-0.010474700000486,0.053980500000762,-0.082323968010000,0.049828343647417,0.023254029538714
163645121.113228321075439,-26062.181316400001378,-92566.358336399993277,1.707916259770000,-0.005776400001196,0.069093600002816,-0.086013740230000,0.065537021437370,0.022631641112403
163645121.209691405296326,-26061.767649000001256,-92564.763121299998602,1.712528109550000,-0.007659000002604,0.049928699998418,-0.088611890450000,0.046395689527704,0.019974367519919
163645121.314993977546692,-26061.332345499999064,-92563.123724499993841,1.720490932460000,0.003924500000721,0.077085500000976,-0.087449067540000,0.075519612701189,0.015948796447334
163645121.411482721567154,-26060.901957199999742,-92561.520334800006822,1.723372936250000,0.004212799998641,0.069935199993779,-0.093657063750000,0.068633617702203,0.014075027641402
163645121.507996082305908,-26060.468165099999169,-92559.931888199993409,1.732618212700000,0.002824900002452,0.049191800004337,-0.095521787300000,0.048209559216071,0.010180945333447
163645121.612542837858200,-26060.027659899998980,-92558.338837599992985,1.741216897960000,0.003120100001979,0.034392400004435,-0.097393102040000,0.033986449444704,0.006123190037063
163645121.709372222423553,-26059.579841300001135,-92556.730258800002048,1.751889109610000,0.005318699997588,0.036651200003689,-0.095940890390000,0.036731911998891,0.004729235908734
163645121.807978332042694,-26059.129847799998970,-92555.136489399999846,1.761567950250000,0.004352200001449,0.025560599999153,-0.094332049750000,0.025781175391973,0.002759875464151
163645121.911557674407959,-26058.675211400000990,-92553.544382899999619,1.767176508900000,0.003638599999249,0.014087100003962,-0.093463491100000,0.014544905746605,0.000362647623132
163645122.008050590753555,-26058.216847899999266,-92551.948708600000828,1.767176508900000,0.003332100000989,0.007101399998646,-0.095123491100000,0.007745095606356,-0.001243489608228
163645122.112590402364731,-26057.755671999999322,-92550.350577499993960,1.765458703040000,0.003118000000541,0.003362500006915,-0.099631296960000,0.004095675472445,-0.002062467629877
163645122.209079682826996,-26057.289360399998259,-92548.750942600003327,1.771489143370000,0.005729600001359,0.001807399996324,-0.100110856630000,0.003331907813319,-0.004999340081034
163645122.289463043212891,-26056.909212899998238,-92547.443273099997896,1.780862689020000,-0.078492899996490,-0.291543100000126,-0.099117310980000,-0.301869150846706,-0.005790533190579
