time,x,y,z,yaw
163645070.103866010904312,-25869.689160000001721,-93280.416100000002189,1.617050000000000,1.751120000000000
163645070.403865009546280,-25869.885490000000573,-93279.367840000006254,1.616330000000000,1.760460000000000
163645070.702865004539490,-25870.109870000000228,-93278.233319999999367,1.616480000000000,1.771520000000000
163645071.003865003585815,-25870.366089999999531,-93277.013449999998556,1.617330000000000,1.783470000000000
163645071.302864998579025,-25870.655500000000757,-93275.708670000007260,1.617330000000000,1.794080000000000
163645071.602863997220993,-25870.979340000001685,-93274.319430000003194,1.614400000000000,1.805320000000000
163645071.803864002227783,-25871.216130000000703,-93273.346850000001723,1.610700000000000,1.813480000000000
163645072.003863990306854,-25871.470730000000913,-93272.337469999998575,1.607400000000000,1.821870000000000
163645072.203864008188248,-25871.744170000001759,-93271.291630000006990,1.606030000000000,1.830750000000000
163645072.403863996267319,-25872.037459999999555,-93270.209690000003320,1.606440000000000,1.839750000000000
163645072.603863000869751,-25872.351299999998446,-93269.091920000006212,1.607050000000000,1.848870000000000
163645072.804863005876541,-25872.686809999999241,-93267.938750000001164,1.607370000000000,1.858480000000000
163645073.004862993955612,-25873.044959999999264,-93266.750560000000405,1.608320000000000,1.868070000000000
163645073.204863011837006,-25873.425989999999729,-93265.527549999998882,1.607620000000000,1.876860000000000
163645073.403863012790680,-25873.829140000001644,-93264.269579999992857,1.603490000000000,1.884490000000000
163645073.603861987590790,-25874.254120000001421,-93262.976639999993495,1.599150000000000,1.891800000000000
163645073.803862005472183,-25874.701349999999366,-93261.648950000002515,1.595790000000000,1.899260000000000
163645074.004862010478973,-25875.171529999999620,-93260.286819999993895,1.590910000000000,1.906610000000000
163645074.203862011432648,-25875.664720000000671,-93258.890360000004875,1.585390000000000,1.913490000000000
163645074.403861999511719,-25876.180680000001303,-93257.459549999999581,1.580280000000000,1.919940000000000
163645074.603861004114151,-25876.719939999999042,-93255.994670000000042,1.576590000000000,1.926820000000000
163645074.803860992193222,-25877.283619999998336,-93254.496190000005299,1.573500000000000,1.934010000000000
163645075.003861010074615,-25877.872569999999541,-93252.964519999994081,1.569730000000000,1.941360000000000
163645075.203860998153687,-25878.486649999998917,-93251.399709999997867,1.565330000000000,1.947420000000000
163645075.404861003160477,-25879.123909999998432,-93249.801049999994575,1.560260000000000,1.952810000000000
163645075.603859990835190,-25879.786349999998492,-93248.169399999998859,1.555420000000000,1.959850000000000
163645075.802859991788864,-25880.475910000001022,-93246.505640000003041,1.552670000000000,1.967160000000000
163645076.003859996795654,-25881.192920000001322,-93244.810020000004442,1.552610000000000,1.974060000000000
163645076.203860014677048,-25881.936399999998685,-93243.082200000004377,1.552010000000000,1.979600000000000
163645076.403860002756119,-25882.703450000000885,-93241.320980000004056,1.548320000000000,1.983050000000000
163645076.603859990835190,-25883.491780000000290,-93239.525420000005397,1.541850000000000,1.985740000000000
163645076.803858995437622,-25884.300250000000233,-93237.695019999999204,1.533370000000000,1.987320000000000
163645076.904859006404877,-25884.711129999999685,-93236.766350000005332,1.530630000000000,1.987260000000000
163645077.003859013319016,-25885.125629999998637,-93235.828349999996135,1.529270000000000,1.986510000000000
163645077.103859007358551,-25885.543269999998302,-93234.880810000002384,1.528450000000000,1.985460000000000
163645077.204858988523483,-25885.963970000000700,-93233.923689999995986,1.527360000000000,1.984510000000000
163645077.303858995437622,-25886.387859999998909,-93232.957049999997253,1.526010000000000,1.983700000000000
163645077.405858993530273,-25886.814999999998690,-93231.980909999998403,1.524790000000000,1.982930000000000
163645077.503859013319016,-25887.245399999999790,-93230.995290000006207,1.523760000000000,1.982180000000000
163645077.603859007358551,-25887.679029999999329,-93230.000159999995958,1.522810000000000,1.981380000000000
163645077.703857988119125,-25888.115819999999076,-93228.995509999993374,1.521780000000000,1.980510000000000
163645077.803858011960983,-25888.555619999999180,-93227.981260000000475,1.520140000000000,1.979450000000000
163645077.903858006000519,-25888.998159999999189,-93226.957290000005742,1.517370000000000,1.978090000000000
163645078.004857987165451,-25889.443070000001171,-93225.923469999994268,1.513560000000000,1.976430000000000
163645078.104858011007309,-25889.890139999999519,-93224.879679999998189,1.509170000000000,1.974680000000000
163645078.203857988119125,-25890.339319999999134,-93223.825920000002952,1.504790000000000,1.972980000000000
163645078.304857999086380,-25890.790619999999763,-93222.762199999997392,1.500840000000000,1.971290000000000
163645078.403858006000519,-25891.243969999999536,-93221.688479999997071,1.496890000000000,1.969500000000000
163645078.504857987165451,-25891.699199999999109,-93220.604709999999614,1.492990000000000,1.967590000000000
163645078.603857994079590,-25892.156139999999141,-93219.510810000007041,1.490870000000000,1.965560000000000
163645078.704858005046844,-25892.614649999999529,-93218.406730000002426,1.489740000000000,1.963480000000000
163645078.804856985807419,-25893.074779999999009,-93217.292499999995925,1.483140000000000,1.961610000000000
163645078.903856992721558,-25893.536879999999655,-93216.168269999994664,1.468340000000000,1.960160000000000
163645079.003856986761093,-25894.001280000000406,-93215.034169999998994,1.454550000000000,1.958850000000000
163645079.104856997728348,-25894.467710000000807,-93213.890100000004168,1.450560000000000,1.957040000000000
163645079.204856991767883,-25894.935399999998481,-93212.735750000007101,1.452170000000000,1.954630000000000
163645079.304856985807419,-25895.404009999998379,-93211.570980000004056,1.450130000000000,1.952280000000000
163645079.404857009649277,-25895.873930000001565,-93210.395969999997760,1.441610000000000,1.950470000000000
163645079.503856986761093,-25896.345779999999650,-93209.210949999993318,1.429290000000000,1.949180000000000
163645079.602856993675232,-25896.819869999999355,-93208.016069999997853,1.415940000000000,1.947920000000000
163645079.702856987714767,-25897.295979999998963,-93206.811230000006617,1.402340000000000,1.946470000000000
163645079.801856011152267,-25897.774119999998220,-93205.596439999993891,1.387350000000000,1.945280000000000
163645079.901856005191803,-25898.254890000000159,-93204.371939999997267,1.369660000000000,1.944740000000000
163645080.001855999231339,-25898.739010000001144,-93203.138009999995120,1.350490000000000,1.944670000000000
163645080.099855989217758,-25899.226829999999609,-93201.894790000005742,1.331540000000000,1.944770000000000
163645080.199856013059616,-25899.718440000000555,-93200.642319999999017,1.311460000000000,1.944880000000000
163645080.299856007099152,-25900.213739999999234,-93199.380550000001676,1.287690000000000,1.944790000000000
163645080.399856001138687,-25900.712360000001354,-93198.109349999998813,1.258960000000000,1.944400000000000
163645080.505856007337570,-25901.214070000001811,-93196.828609999996843,1.226180000000000,1.943980000000000
163645080.605856001377106,-25901.719140000001062,-93195.538440000003902,1.192400000000000,1.944000000000000
163645080.707855999469757,-25902.228289999999106,-93194.239140000005136,1.159520000000000,1.944560000000000
163645080.806854993104935,-25902.742139999998471,-93192.930949999994482,1.125280000000000,1.945550000000000
163645080.906854987144470,-25903.261220000000321,-93191.614060000007157,1.086560000000000,1.946880000000000
163645081.005854994058609,-25903.785629999998491,-93190.288520000001881,1.044180000000000,1.947980000000000
163645081.105854988098145,-25904.315060000000813,-93188.954219999999623,0.999930000000000,1.948990000000000
163645081.205855011940002,-25904.849770000000717,-93187.611250000001746,0.953320000000000,1.950350000000000
163645081.307855010032654,-25905.390200000001641,-93186.259799999999814,0.902960000000000,1.951920000000000
163645081.405855000019073,-25905.936499999999796,-93184.899940000002971,0.848650000000000,1.953490000000000
163645081.506855010986328,-25906.488620000000083,-93183.531629999997676,0.792470000000000,1.955000000000000
163645081.605854988098145,-25907.046650000000227,-93182.154930000004242,0.737360000000000,1.956690000000000
163645081.706854999065399,-25907.611140000000887,-93180.770059999995283,0.682390000000000,1.958860000000000
163645081.805855005979538,-25908.182749999999942,-93179.377299999992829,0.621540000000000,1.961410000000000
163645081.905853986740112,-25908.761859999998705,-93177.976809999992838,0.550210000000000,1.964130000000000
163645082.007854014635086,-25909.348699999998644,-93176.568700000003446,0.472040000000000,1.966930000000000
163645082.107854008674622,-25909.943350000001374,-93175.153019999997923,0.393740000000000,1.969700000000000
163645082.207854002714157,-25910.545709999998508,-93173.729749999998603,0.315970000000000,1.972310000000000
163645082.307853996753693,-25911.155480000001262,-93172.298750000001746,0.235280000000000,1.974650000000000
163645082.406854003667831,-25911.772560000001249,-93170.860000000000582,0.147940000000000,1.977110000000000
163645082.507854014635086,-25912.397619999999733,-93169.413799999994808,0.052870000000000,1.980190000000000
163645082.607854008674622,-25913.031459999998333,-93167.960519999993267,-0.044510000000000,1.983580000000000
163645082.707854002714157,-25913.673969999999827,-93166.500109999993583,-0.136600000000000,1.986540000000000
163645082.807853996753693,-25914.324280000000726,-93165.032210000004852,-0.224270000000000,1.988780000000000
163645082.906854003667831,-25914.981489999998303,-93163.556440000000293,-0.316140000000000,1.990530000000000
163645083.006853014230728,-25915.645270000000892,-93162.072650000001886,-0.413550000000000,1.992200000000000
163645083.105852991342545,-25916.315460000001622,-93160.580770000000484,-0.509260000000000,1.993570000000000
163645083.206853002309799,-25916.991279999998369,-93159.080449999994016,-0.600220000000000,1.994320000000000
163645083.305853009223938,-25917.671989999998914,-93157.571519999997690,-0.691150000000000,1.994800000000000
163645083.406852990388870,-25918.356919999998354,-93156.055789999998524,-0.786870000000000,1.995660000000000
163645083.505852997303009,-25919.045070000000123,-93154.537899999995716,-0.886810000000000,1.997140000000000
163645083.606853008270264,-25919.735799999998562,-93153.020730000003823,-0.988460000000000,1.998740000000000
163645083.706853002309799,-25920.428899999998976,-93151.504650000002584,-1.092020000000000,2.000330000000000
163645083.806852996349335,-25921.124670000001061,-93149.989790000006906,-1.196660000000000,2.002230000000000
163645083.906852990388870,-25921.823250000001281,-93148.476230000000214,-1.299020000000000,2.003910000000000
163645084.006852000951767,-25922.523850000001403,-93146.963610000006156,-1.398420000000000,2.005010000000000
163645084.105852007865906,-25923.225900000001275,-93145.451650000002701,-1.496140000000000,2.005880000000000
163645084.205852001905441,-25923.929130000000441,-93143.940229999992880,-1.593130000000000,2.006600000000000
163645084.305851995944977,-25924.633529999999155,-93142.429369999998016,-1.690990000000000,2.007490000000000
163645084.406852006912231,-25925.339579999999842,-93140.919280000001891,-1.790940000000000,2.008740000000000
163645084.506852000951767,-25926.047630000000936,-93139.410130000003846,-1.893310000000000,2.010080000000000
163645084.605852007865906,-25926.757659999999305,-93137.901899999997113,-1.997320000000000,2.011380000000000
163645084.705852001905441,-25927.469730000000709,-93136.394639999998617,-2.100530000000000,2.012760000000000
163645084.804852008819580,-25928.183779999999388,-93134.888309999994817,-2.200560000000000,2.013970000000000
163645084.905851989984512,-25928.899190000000090,-93133.382629999992787,-2.298420000000000,2.014550000000000
163645085.006850987672806,-25929.614740000000893,-93131.877009999996517,-2.397360000000000,2.014270000000000
163645085.106851011514664,-25930.329559999998310,-93130.371050000001560,-2.499460000000000,2.013750000000000
163645085.204851001501083,-25931.044060000000172,-93128.864929999996093,-2.603820000000000,2.013880000000000
163645085.306850999593735,-25931.759350000000268,-93127.359190000002855,-2.706110000000000,2.014660000000000
163645085.406850993633270,-25932.475910000001022,-93125.854070000001229,-2.803240000000000,2.015450000000000
163645085.505851000547409,-25933.193240000000515,-93124.349300000001676,-2.898020000000000,2.015690000000000
163645085.606851011514664,-25933.910360000001674,-93122.844419999993988,-2.993130000000000,2.015230000000000
163645085.706851005554199,-25934.626270000000659,-93121.338990000003832,-3.087840000000000,2.014180000000000
163645085.806850999593735,-25935.340290000000095,-93119.832639999993262,-3.183120000000000,2.012820000000000
163645085.906850993633270,-25936.052250000000640,-93118.325330000006943,-3.280000000000000,2.011480000000000
163645086.006850987672806,-25936.762279999999009,-93116.817110000003595,-3.375790000000000,2.010200000000000
163645086.105850011110306,-25937.470180000000255,-93115.307879999993020,-3.468110000000000,2.008650000000000
163645086.206849992275238,-25938.175609999998414,-93113.797500000000582,-3.554710000000000,2.007010000000000
163645086.306849986314774,-25938.878619999999501,-93112.285999999992782,-3.634110000000000,2.005420000000000
163645086.407849997282028,-25939.579010000001290,-93110.773270000005141,-3.709460000000000,2.003540000000000
163645086.505849987268448,-25940.276480000000447,-93109.259189999997034,-3.784440000000000,2.001630000000000
163645086.606849998235703,-25940.971079999999347,-93107.743789999993169,-3.859890000000000,1.999690000000000
163645086.706849992275238,-25941.662410000000818,-93106.226909999997588,-3.934660000000000,1.997320000000000
163645086.805849999189377,-25942.349979999999050,-93104.708310000001802,-4.007070000000000,1.994870000000000
163645086.906850010156631,-25943.034339999998338,-93103.188259999995353,-4.079020000000000,1.993120000000000
163645087.005849987268448,-25943.716649999998481,-93101.667300000000978,-4.152930000000000,1.992020000000000
163645087.105850011110306,-25944.397339999999531,-93100.145619999995688,-4.222860000000000,1.990880000000000
163645087.206849008798599,-25945.075990000001184,-93098.623000000006869,-4.281720000000000,1.989390000000000
163645087.307848989963531,-25945.752349999998842,-93097.099379999999655,-4.334630000000000,1.987970000000000
163645087.406848996877670,-25946.426909999998315,-93095.574970000001485,-4.389700000000000,1.987010000000000
163645087.505849003791809,-25947.100399999999354,-93094.050080000000889,-4.446250000000000,1.986520000000000
163645087.605848997831345,-25947.773639999999432,-93092.525070000003325,-4.500550000000000,1.986650000000000
163645087.705848991870880,-25948.447530000001279,-93091.000350000002072,-4.551040000000000,1.987250000000000
163645087.805848985910416,-25949.122510000001057,-93089.476120000006631,-4.598550000000000,1.988030000000000
163645087.906848996877670,-25949.798689999999624,-93087.952420000001439,-4.645560000000000,1.988790000000000
163645088.006848990917206,-25950.475880000001780,-93086.429170000003069,-4.692250000000000,1.989370000000000
163645088.106849014759064,-25951.153890000001411,-93084.906270000006771,-4.737660000000000,1.989910000000000
163645088.205848008394241,-25951.832910000000993,-93083.383839999994962,-4.781220000000000,1.990720000000000
163645088.306847989559174,-25952.513399999999820,-93081.862059999999474,-4.822150000000000,1.991770000000000
163645088.406848013401031,-25953.195400000000518,-93080.340939999994589,-4.861110000000000,1.992630000000000
163645088.503847986459732,-25953.878349999999045,-93078.820269999996526,-4.901370000000000,1.993100000000000
163645088.603848010301590,-25954.561839999998483,-93077.299840000006952,-4.944850000000000,1.993380000000000
163645088.703848004341125,-25955.245620000001509,-93075.779529999999795,-4.989870000000000,1.993480000000000
163645088.803847998380661,-25955.929400000000896,-93074.259220000007190,-5.033670000000000,1.993420000000000
163645088.904848009347916,-25956.612959999998566,-93072.738819999998668,-5.074700000000000,1.993200000000000
163645089.003847986459732,-25957.296040000001085,-93071.218189999999595,-5.115040000000000,1.992800000000000
163645089.104847997426987,-25957.978390000000218,-93069.697239999994054,-5.158790000000000,1.992280000000000
163645089.203848004341125,-25958.660029999999097,-93068.175959999993211,-5.206090000000000,1.991890000000000
163645089.303846985101700,-25959.341270000000804,-93066.654529999999795,-5.252400000000000,1.991730000000000
163645089.404846996068954,-25960.022349999999278,-93065.133010000005015,-5.295640000000000,1.991640000000000
163645089.503847002983093,-25960.703239999998914,-93063.611399999994319,-5.338380000000000,1.991470000000000
163645089.604847013950348,-25961.383929999999964,-93062.089710000000196,-5.383410000000000,1.991440000000000
163645089.703846991062164,-25962.064959999999701,-93060.568159999995260,-5.430410000000000,1.991890000000000
163645089.802846997976303,-25962.746889999998530,-93059.047030000001541,-5.475090000000000,1.992490000000000
163645089.904846996068954,-25963.429479999998875,-93057.526180000000750,-5.514300000000000,1.992770000000000
163645090.003847002983093,-25964.112300000000687,-93056.005449999996927,-5.550370000000000,1.992840000000000
163645090.104847013950348,-25964.795109999999113,-93054.484710000004270,-5.587940000000000,1.992800000000000
163645090.204847007989883,-25965.478029999998398,-93052.964019999999437,-5.627960000000000,1.993050000000000
163645090.303846001625061,-25966.161800000001676,-93051.443700000003446,-5.666690000000000,1.993820000000000
163645090.404846012592316,-25966.846839999998338,-93049.923970000003465,-5.701330000000000,1.994620000000000
163645090.504846006631851,-25967.532780000001367,-93048.404630000004545,-5.734530000000000,1.995050000000000
163645090.604846000671387,-25968.219410000001517,-93046.885609999997541,-5.769780000000000,1.995670000000000
163645090.704845994710922,-25968.907749999998487,-93045.367360000003828,-5.806600000000000,1.997240000000000
163645090.803846001625061,-25969.599269999998796,-93043.850560000006226,-5.843480000000000,1.999750000000000
163645090.904846012592316,-25970.295150000001740,-93042.335749999998370,-5.878480000000000,2.002860000000000
163645091.003845989704132,-25970.995969999999943,-93040.823239999997895,-5.910320000000000,2.006240000000000
163645091.103846013545990,-25971.702219999999215,-93039.313250000006519,-5.941300000000000,2.010070000000000
163645091.203846007585526,-25972.414949999998498,-93037.806309999999939,-5.973070000000000,2.014750000000000
163645091.304845005273819,-25973.135220000000118,-93036.302949999997509,-6.001700000000000,2.019930000000000
163645091.403845012187958,-25973.863219999999274,-93034.803329999995185,-6.022590000000000,2.025010000000000
163645091.503845006227493,-25974.598669999999402,-93033.307339999999385,-6.036500000000000,2.029910000000000
163645091.603845000267029,-25975.341430000000400,-93031.814970000006724,-6.048530000000000,2.034830000000000
163645091.704845011234283,-25976.091619999999239,-93030.326329999996233,-6.064260000000000,2.039860000000000
163645091.803844988346100,-25976.849220000000059,-93028.841430000000400,-6.084970000000000,2.044740000000000
163645091.903845012187958,-25977.613669999998820,-93027.360060000006342,-6.105320000000000,2.049120000000000
163645092.003845006227493,-25978.384279999998398,-93025.881880000000820,-6.117070000000000,2.053180000000000
163645092.104844987392426,-25979.160830000000715,-93024.406820000003790,-6.118030000000000,2.057170000000000
163645092.205844998359680,-25979.943149999999150,-93022.934779999995953,-6.115640000000000,2.060990000000000
163645092.303844988346100,-25980.730920000001788,-93021.465670000005048,-6.117610000000000,2.064640000000000
163645092.405844002962112,-25981.523969999998371,-93019.999389999997220,-6.123790000000000,2.068180000000000
163645092.504844009876251,-25982.322039999999106,-93018.535860000003595,-6.129060000000000,2.071480000000000
163645092.604844003915787,-25983.124660000001313,-93017.074800000002142,-6.129840000000000,2.074420000000000
163645092.705844014883041,-25983.931280000000697,-93015.615969999998924,-6.126210000000000,2.077020000000000
163645092.804843991994858,-25984.741450000001350,-93014.159090000001015,-6.120880000000000,2.079320000000000
163645092.904843986034393,-25985.554820000001200,-93012.703980000005686,-6.116040000000000,2.081460000000000
163645093.004844009876251,-25986.371390000000247,-93011.250669999993988,-6.111380000000000,2.083790000000000
163645093.104844003915787,-25987.191640000000916,-93009.799440000002505,-6.105930000000000,2.086470000000000
163645093.204843997955322,-25988.015770000001794,-93008.350399999995716,-6.099320000000000,2.089030000000000
163645093.304843991994858,-25988.843089999998483,-93006.903200000000652,-6.091930000000000,2.090900000000000
163645093.404843002557755,-25989.672679999999673,-93005.457280000002356,-6.083810000000000,2.092340000000000
163645093.504842996597290,-25990.504379999998491,-93004.012570000006235,-6.075220000000000,2.093800000000000
163645093.603843003511429,-25991.337980000000243,-93002.568969999992987,-6.067640000000000,2.094910000000000
163645093.703842997550964,-25992.172630000000936,-93001.125979999997071,-6.062110000000000,2.095330000000000
163645093.803842991590500,-25993.007549999998446,-92999.683139999993728,-6.057830000000000,2.095400000000000
163645093.900842994451523,-25993.842619999999442,-92998.240390000006300,-6.053180000000000,2.095610000000000
163645094.000842988491058,-25994.678250000000844,-92996.797940000004019,-6.047470000000000,2.096130000000000
163645094.100843012332916,-25995.514849999999569,-92995.356079999997746,-6.041490000000000,2.096920000000000
163645094.200843006372452,-25996.352739999998448,-92993.914950000005774,-6.036560000000000,2.097880000000000
163645094.300843000411987,-25997.192169999998441,-92992.474730000001728,-6.033340000000000,2.099070000000000
163645094.400842994451523,-25998.033550000000105,-92991.035640000001877,-6.030640000000000,2.100560000000000
163645094.500842005014420,-25998.877140000000509,-92989.597869999997783,-6.026520000000000,2.102050000000000
163645094.600841999053955,-25999.722620000000461,-92988.161160000003292,-6.020700000000000,2.103180000000000
163645094.699842005968094,-26000.569410000000062,-92986.725279999998747,-6.014350000000000,2.103980000000000
163645094.801842004060745,-26001.417369999999210,-92985.290040000007139,-6.008580000000000,2.104860000000000
163645094.900842010974884,-26002.266810000000987,-92983.855710000003455,-6.004010000000000,2.106000000000000
163645094.999841988086700,-26003.117869999998220,-92982.422330000001239,-6.000550000000000,2.107010000000000
163645095.100841999053955,-26003.969969999998284,-92980.989560000001802,-5.997390000000000,2.107510000000000
163645095.200841993093491,-26004.822449999999662,-92979.557010000004084,-5.993520000000000,2.107620000000000
163645095.300841987133026,-26005.674999999999272,-92978.124509999994189,-5.988730000000000,2.107680000000000
163645095.400842010974884,-26006.527719999998226,-92976.692139999999199,-5.983540000000000,2.107860000000000
163645095.501841008663177,-26007.380840000001626,-92975.259980000002543,-5.978670000000000,2.108230000000000
163645095.600840985774994,-26008.234649999998510,-92973.828219999995781,-5.974350000000000,2.108760000000000
163645095.701840996742249,-26009.089189999998780,-92972.396909999995842,-5.969710000000000,2.109210000000000
163645095.801840990781784,-26009.944110000000364,-92970.965819999997620,-5.964200000000000,2.109310000000000
163645095.900840997695923,-26010.798869999998715,-92969.534669999993639,-5.958090000000000,2.109040000000000
163645096.000840991735458,-26011.653080000000045,-92968.103149999995367,-5.951780000000000,2.108600000000000
163645096.100840985774994,-26012.506740000000718,-92966.671329999997397,-5.945830000000000,2.108330000000000
163645096.201840996742249,-26013.360369999998511,-92965.239440000004834,-5.941370000000000,2.108500000000000
163645096.301840990781784,-26014.214540000000852,-92963.807920000006561,-5.937960000000000,2.109030000000000
163645096.399841010570526,-26015.069469999998546,-92962.376829999993788,-5.933310000000000,2.109480000000000
163645096.501841008663177,-26015.924709999999322,-92960.945949999993900,-5.927730000000000,2.109520000000000
163645096.600840002298355,-26016.779940000000352,-92959.515050000001793,-5.923210000000000,2.109540000000000
163645096.700839996337891,-26017.635510000000068,-92958.084350000004633,-5.919480000000000,2.110020000000000
163645096.801840007305145,-26018.492109999999229,-92956.654299999994691,-5.915540000000000,2.110860000000000
163645096.901840001344681,-26019.349930000000313,-92955.224919999993290,-5.910780000000000,2.111660000000000
163645097.001839995384216,-26020.208620000001247,-92953.796109999995679,-5.905020000000000,2.112090000000000
163645097.101839989423752,-26021.067670000000362,-92952.367490000004182,-5.899170000000000,2.112280000000000
163645097.200839996337891,-26021.927230000001146,-92950.939209999996820,-5.894280000000000,2.112860000000000
163645097.299840003252029,-26022.788100000001577,-92949.511689999999362,-5.890850000000000,2.114010000000000
163645097.400840014219284,-26023.650630000000092,-92948.085179999994580,-5.888390000000000,2.115070000000000
163645097.501839995384216,-26024.514279999999417,-92946.659329999994952,-5.884560000000000,2.115620000000000
163645097.601839005947113,-26025.378459999999905,-92945.233829999997397,-5.878380000000000,2.115910000000000
163645097.701838999986649,-26026.243030000001454,-92943.808560000004945,-5.871630000000000,2.116160000000000
163645097.801838994026184,-26027.107860000000073,-92942.383449999993900,-5.865680000000000,2.116270000000000
163645097.900839000940323,-26027.972590000001219,-92940.958280000006198,-5.860740000000000,2.116020000000000
163645098.001839011907578,-26028.836670000000595,-92939.532680000003893,-5.856500000000000,2.115380000000000
163645098.101839005947113,-26029.699519999998302,-92938.106379999997444,-5.852810000000000,2.114380000000000
163645098.201838999986649,-26030.560740000000806,-92936.679080000001704,-5.849750000000000,2.113130000000000
163645098.301838994026184,-26031.420150000001740,-92935.250700000004144,-5.846330000000000,2.111890000000000
163645098.400839000940323,-26032.277939999999944,-92933.821320000002743,-5.841540000000000,2.110840000000000
163645098.501839011907578,-26033.134279999998398,-92932.391080000001239,-5.835800000000000,2.109820000000000
163645098.601839005947113,-26033.989040000000386,-92930.959900000001653,-5.830210000000000,2.108670000000000
163645098.700837999582291,-26034.842160000000149,-92929.527740000004997,-5.825030000000000,2.107540000000000
163645098.801838010549545,-26035.693759999998292,-92928.094700000001467,-5.819770000000000,2.106520000000000
163645098.901838004589081,-26036.543900000000576,-92926.660770000002231,-5.814400000000000,2.105510000000000
163645099.002837985754013,-26037.392650000001595,-92925.226009999998496,-5.809220000000000,2.104600000000000
163645099.100838005542755,-26038.240300000001298,-92923.790619999999763,-5.803720000000000,2.103960000000000
163645099.201837986707687,-26039.087260000000242,-92922.354800000000978,-5.796800000000000,2.103620000000000
163645099.301838010549545,-26039.933880000000499,-92920.918789999996079,-5.789630000000000,2.103390000000000
163645099.401838004589081,-26040.780009999998583,-92919.482480000006035,-5.785020000000000,2.102960000000000
163645099.500838011503220,-26041.625469999999041,-92918.045809999995981,-5.782890000000000,2.102500000000000
163645099.600838005542755,-26042.470410000001721,-92916.608800000001793,-5.779740000000000,2.102230000000000
163645099.702836990356445,-26043.314959999999701,-92915.171570000005886,-5.772930000000000,2.101880000000000
163645099.801836997270584,-26044.158749999998690,-92913.733890000003157,-5.763690000000000,2.101220000000000
163645099.902837008237839,-26045.001420000000508,-92912.295559999998659,-5.754430000000000,2.100390000000000
163645100.002837002277374,-26045.842860000000655,-92910.856539999993402,-5.745170000000000,2.099500000000000
163645100.101837009191513,-26046.682890000000043,-92909.416660000002594,-5.735600000000000,2.098410000000000
163645100.201837003231049,-26047.521120000001247,-92907.975709999998799,-5.726860000000000,2.097020000000000
163645100.301836997270584,-26048.357189999998809,-92906.533540000003995,-5.719110000000000,2.095490000000000
163645100.401836991310120,-26049.190979999999399,-92905.090060000002268,-5.710820000000000,2.093840000000000
163645100.501836985349655,-26050.022089999998570,-92903.645019999996293,-5.700500000000000,2.091770000000000
163645100.602836996316910,-26050.849730000001728,-92902.198000000003958,-5.688060000000000,2.089090000000000
163645100.701837003231049,-26051.673050000001240,-92900.748510000004899,-5.674490000000000,2.085860000000000
163645100.801836013793945,-26052.491200000000390,-92899.296080000000075,-5.660960000000000,2.081980000000000
163645100.901836007833481,-26053.303100000000995,-92897.840179999999236,-5.648340000000000,2.077380000000000
163645101.000836014747620,-26054.107889999999315,-92896.380340000003343,-5.636050000000000,2.072350000000000
163645101.100836008787155,-26054.905230000000302,-92894.916379999995115,-5.622380000000000,2.067160000000000
163645101.200836002826691,-26055.694719999999506,-92893.448210000002291,-5.606770000000000,2.061660000000000
163645101.300835996866226,-26056.475679999999556,-92891.975460000001476,-5.590540000000000,2.055590000000000
163645101.401836007833481,-26057.247070000001258,-92890.497709999996005,-5.575410000000000,2.048730000000000
163645101.500836014747620,-26058.007570000001579,-92889.014309999998659,-5.561320000000000,2.040950000000000
163645101.600836008787155,-26058.755860000001121,-92887.524749999996857,-5.546090000000000,2.032440000000000
163645101.700836002826691,-26059.491119999998773,-92886.028690000006463,-5.528350000000000,2.023620000000000
163645101.801835000514984,-26060.213149999999587,-92884.526219999999739,-5.507450000000000,2.014820000000000
163645101.901834994554520,-26060.922009999998409,-92883.017489999998361,-5.479770000000000,2.006090000000000
163645102.000835001468658,-26061.617460000001302,-92881.502500000002328,-5.441110000000000,1.997020000000000
163645102.101835012435913,-26062.298490000001038,-92879.981020000006538,-5.393550000000000,1.987140000000000
163645102.200834989547729,-26062.963790000001609,-92878.452579999997397,-5.343860000000000,1.976510000000000
163645102.300835013389587,-26063.612369999998919,-92876.916989999997895,-5.295730000000000,1.965400000000000
163645102.400835007429123,-26064.243620000001101,-92875.374179999998887,-5.248580000000000,1.954080000000000
163645102.500835001468658,-26064.857439999999769,-92873.824370000002091,-5.201290000000000,1.942870000000000
163645102.601835012435913,-26065.454099999999016,-92872.267850000003818,-5.152770000000000,1.932000000000000
163645102.701835006475449,-26066.034090000001015,-92870.705050000004121,-5.098170000000000,1.921380000000000
163645102.801835000514984,-26066.597340000000258,-92869.136140000002342,-5.031860000000000,1.910570000000000
163645102.900833994150162,-26067.143169999999373,-92867.561100000006263,-4.956790000000000,1.899300000000000
163645103.001834005117416,-26067.671099999999569,-92865.979949999993551,-4.881360000000000,1.887980000000000
163645103.100834012031555,-26068.181469999999536,-92864.393070000005537,-4.808290000000000,1.877110000000000
163645103.200834006071091,-26068.674770000001445,-92862.800780000005034,-4.733210000000000,1.866390000000000
163645103.301833987236023,-26069.150740000000951,-92861.203219999995781,-4.650340000000000,1.855350000000000
163645103.401834011077881,-26069.608660000001692,-92859.600399999995716,-4.558540000000000,1.843890000000000
163645103.501834005117416,-26070.047930000000633,-92857.992400000002817,-4.463070000000000,1.832210000000000
163645103.601833999156952,-26070.468479999999545,-92856.379360000006272,-4.369970000000000,1.820670000000000
163645103.700834006071091,-26070.870620000001509,-92854.761660000003758,-4.279010000000000,1.809370000000000
163645103.800834000110626,-26071.254529999998340,-92853.139530000000377,-4.186240000000000,1.798130000000000
163645103.900833010673523,-26071.620090000000346,-92851.513149999998859,-4.090470000000000,1.786750000000000
163645104.001832991838455,-26071.966980000001058,-92849.882689999998547,-3.992430000000000,1.775260000000000
163645104.101832985877991,-26072.295150000001740,-92848.248380000004545,-3.893060000000000,1.763830000000000
163645104.200832992792130,-26072.604800000000978,-92846.610440000004019,-3.793380000000000,1.752600000000000
163645104.301833003759384,-26072.896329999999580,-92844.969180000000051,-3.693710000000000,1.741750000000000
163645104.401832997798920,-26073.170819999999367,-92843.324980000004871,-3.594370000000000,1.731910000000000
163645104.500833004713058,-26073.430420000000595,-92841.678350000001956,-3.496180000000000,1.723470000000000
163645104.601832985877991,-26073.676989999999932,-92840.029689999995753,-3.400960000000000,1.715870000000000
163645104.700832992792130,-26073.911329999998998,-92838.379270000004908,-3.308840000000000,1.708590000000000
163645104.801833003759384,-26074.133849999998347,-92836.727230000004056,-3.217410000000000,1.701520000000000
163645104.901832997798920,-26074.344860000001063,-92835.073669999997946,-3.125960000000000,1.694640000000000
163645105.001832008361816,-26074.544679999999062,-92833.418699999994715,-3.033500000000000,1.687980000000000
163645105.101832002401352,-26074.733840000000782,-92831.762480000004871,-2.937720000000000,1.681800000000000
163645105.201831996440887,-26074.913479999999254,-92830.105190000002040,-2.837500000000000,1.676410000000000
163645105.301831990480423,-26075.084549999999581,-92828.447020000006887,-2.733590000000000,1.671260000000000
163645105.401832014322281,-26075.246749999998428,-92826.787930000005872,-2.628290000000000,1.665770000000000
163645105.501832008361816,-26075.400050000000192,-92825.127989999993588,-2.525100000000000,1.660640000000000
163645105.601832002401352,-26075.545519999999669,-92823.467380000001867,-2.425210000000000,1.656240000000000
163645105.701831996440887,-26075.683990000001359,-92821.806150000003981,-2.325480000000000,1.652090000000000
163645105.802832007408142,-26075.815480000001116,-92820.144350000002305,-2.225820000000000,1.647800000000000
163645105.901832014322281,-26075.939450000001671,-92818.481960000004619,-2.130870000000000,1.643050000000000
163645106.001830995082855,-26076.055140000000392,-92816.819000000003143,-2.042960000000000,1.637960000000000
163645106.101830989122391,-26076.162410000000818,-92815.155459999994491,-1.958410000000000,1.632920000000000
163645106.201831012964249,-26076.261149999998452,-92813.491389999995590,-1.871040000000000,1.627680000000000
163645106.301831007003784,-26076.350849999998900,-92811.826839999994263,-1.778500000000000,1.622110000000000
163645106.401831001043320,-26076.431209999998828,-92810.161770000006072,-1.681570000000000,1.616490000000000
163645106.501830995082855,-26076.502090000001772,-92808.496310000002268,-1.581750000000000,1.610750000000000
163645106.601830989122391,-26076.563630000000558,-92806.830440000005183,-1.483390000000000,1.605330000000000
163645106.702831000089645,-26076.616900000000896,-92805.164309999992838,-1.391050000000000,1.600840000000000
163645106.801831007003784,-26076.663820000001579,-92803.497990000003483,-1.302770000000000,1.597560000000000
163645106.901831001043320,-26076.706010000001697,-92801.831510000003618,-1.211420000000000,1.594980000000000
163645107.001830995082855,-26076.744190000001254,-92800.164950000005774,-1.117930000000000,1.592690000000000
163645107.101830005645752,-26076.778659999999945,-92798.498319999998785,-1.028310000000000,1.590500000000000
163645107.201829999685287,-26076.809570000001258,-92796.831600000004983,-0.939410000000000,1.588420000000000
163645107.300830006599426,-26076.837169999998878,-92795.164829999994254,-0.846500000000000,1.586480000000000
163645107.400830000638962,-26076.861359999998967,-92793.498019999999087,-0.751260000000000,1.584280000000000
163645107.500829994678497,-26076.881389999998646,-92791.831149999998161,-0.657820000000000,1.581580000000000
163645107.601830005645752,-26076.896990000001097,-92790.164220000006026,-0.568160000000000,1.579050000000000
163645107.700830012559891,-26076.908490000001621,-92788.497250000000349,-0.479200000000000,1.576550000000000
163645107.801829993724823,-26076.916180000000168,-92786.830260000002454,-0.391630000000000,1.574780000000000
163645107.900830000638962,-26076.923190000001341,-92785.163300000000163,-0.313940000000000,1.575500000000000
163645108.001830011606216,-26076.932420000001002,-92783.496310000002268,-0.241930000000000,1.576940000000000
163645108.100829005241394,-26076.943250000000262,-92781.829349999999977,-0.167070000000000,1.577480000000000
163645108.201828986406326,-26076.954669999999169,-92780.162379999994300,-0.095560000000000,1.577800000000000
163645108.300828993320465,-26076.966870000000199,-92778.495420000006561,-0.028070000000000,1.578360000000000
163645108.401829004287720,-26076.980159999999159,-92776.828489999999874,0.039480000000000,1.579120000000000
163645108.500829011201859,-26076.994750000001659,-92775.161559999993187,0.105850000000000,1.579850000000000
163645108.600829005241394,-26077.010119999999006,-92773.494630000001052,0.169810000000000,1.580210000000000
163645108.701828986406326,-26077.026200000000244,-92771.827699999994365,0.229130000000000,1.580670000000000
163645108.801829010248184,-26077.042750000000524,-92770.160799999997835,0.285130000000000,1.580600000000000
163645108.901829004287720,-26077.058410000001459,-92768.493870000005700,0.338280000000000,1.579750000000000
163645109.001828998327255,-26077.072359999998298,-92766.826939999999013,0.387450000000000,1.578840000000000
163645109.100829005241394,-26077.085129999999481,-92765.159969999993336,0.434280000000000,1.578260000000000
163645109.200827986001968,-26077.098770000000513,-92763.493040000001201,0.481510000000000,1.580300000000000
163645109.301827996969223,-26077.118559999998979,-92761.826170000000275,0.530380000000000,1.583700000000000
163645109.402828007936478,-26077.140749999998661,-92760.159360000005108,0.574820000000000,1.585330000000000
163645109.501828014850616,-26077.169750000000931,-92758.493159999998170,0.617170000000000,1.589360000000000
163645109.601828008890152,-26077.191760000001523,-92756.827579999997397,0.651210000000000,1.577920000000000
163645109.701828002929688,-26077.199260000001232,-92755.161319999999250,0.675070000000000,1.575820000000000
163645109.801827996969223,-26077.216540000001260,-92753.494449999998324,0.704470000000000,1.585060000000000
163645109.902828007936478,-26077.245820000000094,-92751.827760000000126,0.738160000000000,1.590000000000000
163645110.002828001976013,-26077.276819999999134,-92750.161009999996168,0.770710000000000,1.588160000000000
163645110.101828008890152,-26077.303439999999682,-92748.494260000006761,0.799870000000000,1.585960000000000
163645110.202827006578445,-26077.327880000000732,-92746.827449999997043,0.827350000000000,1.585270000000000
163645110.301827013492584,-26077.352630000001227,-92745.160640000001877,0.853280000000000,1.586050000000000
163645110.401827007532120,-26077.378310000000056,-92743.493839999995544,0.880290000000000,1.586130000000000
163645110.501827001571655,-26077.404940000000352,-92741.827030000000377,0.908340000000000,1.587660000000000
163645110.601826995611191,-26077.434829999998328,-92740.160340000002179,0.938160000000000,1.589140000000000
163645110.701826989650726,-26077.464479999998730,-92738.493589999998221,0.971160000000000,1.587980000000000
163645110.802827000617981,-26077.491999999998370,-92736.826839999994263,1.003970000000000,1.586870000000000
163645110.902826994657516,-26077.517869999999675,-92735.160029999999097,1.032740000000000,1.585930000000000
163645111.002826988697052,-26077.543040000000474,-92733.493229999992764,1.056280000000000,1.585970000000000
163645111.102827012538910,-26077.568039999998291,-92731.826419999997597,1.078940000000000,1.585380000000000
163645111.203826993703842,-26077.590510000001814,-92730.159549999996671,1.106160000000000,1.583180000000000
163645111.302825987339020,-26077.608280000000377,-92728.492679999995744,1.137580000000000,1.580000000000000
163645111.402826011180878,-26077.621569999999338,-92726.825679999994463,1.164080000000000,1.578110000000000
163645111.503825992345810,-26077.633610000000772,-92725.158750000002328,1.186330000000000,1.578030000000000
163645111.602825999259949,-26077.645369999998366,-92723.491760000004433,1.213660000000000,1.577640000000000
163645111.703826010227203,-26077.656490000001213,-92721.824829999997746,1.242210000000000,1.577470000000000
163645111.802825987339020,-26077.668239999999059,-92720.157900000005611,1.270170000000000,1.578250000000000
163645111.903825998306274,-26077.681700000001001,-92718.490909999993164,1.297420000000000,1.579320000000000
163645112.003825992345810,-26077.696080000001530,-92716.823980000001029,1.311210000000000,1.579340000000000
163645112.103825986385345,-26077.709869999998773,-92715.157040000005509,1.310450000000000,1.578890000000000
163645112.203826010227203,-26077.723330000000715,-92713.490109999998822,1.311470000000000,1.578920000000000
163645112.303824990987778,-26077.737320000000182,-92711.823180000006687,1.316490000000000,1.579440000000000
163645112.403825014829636,-26077.751749999999447,-92710.156250000000000,1.316790000000000,1.579250000000000
163645112.503825008869171,-26077.764680000000226,-92708.489260000002105,1.317220000000000,1.577880000000000
163645112.602824985980988,-26077.775219999999536,-92706.822329999995418,1.324490000000000,1.576570000000000
163645112.703824996948242,-26077.783780000001570,-92705.155339999997523,1.335720000000000,1.575370000000000
163645112.803824990987778,-26077.789929999999003,-92703.488339999996242,1.346640000000000,1.573650000000000
163645112.904825001955032,-26077.792629999999917,-92701.821349999998347,1.347440000000000,1.571390000000000
163645113.003825008869171,-26077.791949999998906,-92700.154360000000452,1.331280000000000,1.569720000000000
163645113.102824985980988,-26077.789250000001630,-92698.487370000002556,1.314580000000000,1.568730000000000
163645113.203824996948242,-26077.784700000000157,-92696.820370000001276,1.305530000000000,1.567510000000000
163645113.301824986934662,-26077.778320000001258,-92695.153380000003381,1.299910000000000,1.566630000000000
163645113.401823997497559,-26077.771000000000640,-92693.486390000005485,1.300660000000000,1.566210000000000
163645113.502824008464813,-26077.762589999998454,-92691.819399999993038,1.307230000000000,1.565240000000000
163645113.602824002504349,-26077.751690000000963,-92690.152470000000903,1.314250000000000,1.563330000000000
163645113.702823996543884,-26077.736939999998867,-92688.485539999994216,1.319720000000000,1.560740000000000
163645113.802823990583420,-26077.717759999999544,-92686.818599999998696,1.324300000000000,1.558150000000000
163645113.902824014425278,-26077.694459999998799,-92685.151790000003530,1.327400000000000,1.555720000000000
163645114.002824008464813,-26077.667020000000775,-92683.485050000002957,1.329310000000000,1.553180000000000
163645114.101823985576630,-26077.635210000000370,-92681.818299999998999,1.332300000000000,1.550460000000000
163645114.202823996543884,-26077.598600000001170,-92680.151729999997769,1.336010000000000,1.547510000000000
163645114.301824003458023,-26077.557390000001760,-92678.485230000005686,1.339100000000000,1.544980000000000
163645114.401823014020920,-26077.512009999998554,-92676.818849999996019,1.343330000000000,1.542260000000000
163645114.502822995185852,-26077.460999999999331,-92675.152650000003632,1.351140000000000,1.538390000000000
163645114.602822989225388,-26077.403269999998884,-92673.486629999999423,1.361990000000000,1.534380000000000
163645114.702823013067245,-26077.339309999999386,-92671.820919999998296,1.371820000000000,1.530900000000000
163645114.802823007106781,-26077.270019999999931,-92670.155339999997523,1.377430000000000,1.527880000000000
163645114.903822988271713,-26077.195749999998952,-92668.489990000001853,1.380580000000000,1.524860000000000
163645115.002822995185852,-26077.116300000001502,-92666.824890000003506,1.384140000000000,1.521680000000000
163645115.101823002099991,-26077.031620000001567,-92665.160029999999097,1.388960000000000,1.518600000000000
163645115.201822996139526,-26076.941960000000108,-92663.495479999997769,1.394650000000000,1.515700000000000
163645115.302823007106781,-26076.847580000001471,-92661.831120000002556,1.399590000000000,1.512820000000000
163645115.402823001146317,-26076.747770000001765,-92660.167109999994864,1.401630000000000,1.509240000000000
163645115.502822011709213,-26076.642100000000937,-92658.503479999999399,1.401840000000000,1.505930000000000
163645115.602822005748749,-26076.531309999998484,-92656.840209999994840,1.405700000000000,1.502930000000000
163645115.703821986913681,-26076.415509999998903,-92655.177249999993364,1.413180000000000,1.499990000000000
163645115.802821993827820,-26076.295620000000781,-92653.514530000000377,1.420190000000000,1.498080000000000
163645115.902821987867355,-26076.173999999999069,-92651.851989999995567,1.425800000000000,1.497640000000000
163645116.001821994781494,-26076.051559999999881,-92650.189509999996517,1.431570000000000,1.496780000000000
163645116.101821988821030,-26075.926500000001397,-92648.527159999997821,1.438330000000000,1.494680000000000
163645116.201822012662888,-26075.797149999998510,-92646.865229999995790,1.446130000000000,1.491730000000000
163645116.302821993827820,-26075.662339999998949,-92645.203670000002603,1.455230000000000,1.488280000000000
163645116.402821987867355,-26075.522049999999581,-92643.542600000000675,1.466130000000000,1.485240000000000
163645116.502820998430252,-26075.377459999999701,-92641.881899999993038,1.477740000000000,1.482980000000000
163645116.602820992469788,-26075.229309999998804,-92640.221499999999651,1.484300000000000,1.480750000000000
163645116.702820986509323,-26075.076130000001285,-92638.561520000002929,1.482740000000000,1.476740000000000
163645116.803820997476578,-26074.914000000000669,-92636.902470000000903,1.481620000000000,1.470480000000000
163645116.902821004390717,-26074.741740000001300,-92635.244390000007115,1.484140000000000,1.464940000000000
163645117.003820985555649,-26074.561649999999645,-92633.587159999995492,1.486060000000000,1.460670000000000
163645117.103821009397507,-26074.374660000001313,-92631.930659999998170,1.488280000000000,1.456570000000000
163645117.202820986509323,-26074.181029999999737,-92630.274959999995190,1.491760000000000,1.452590000000000
163645117.302821010351181,-26073.980510000001232,-92628.620120000006864,1.494590000000000,1.448220000000000
163645117.403820991516113,-26073.772690000001603,-92626.966130000000703,1.496550000000000,1.443870000000000
163645117.502819985151291,-26073.557830000001559,-92625.313049999997020,1.498470000000000,1.439740000000000
163645117.603819996118546,-26073.337999999999738,-92623.660579999996116,1.500280000000000,1.438100000000000
163645117.702820003032684,-26073.117709999998624,-92622.008239999995567,1.505390000000000,1.437960000000000
163645117.802819997072220,-26072.894710000000487,-92620.356199999994715,1.515750000000000,1.435090000000000
163645117.903820008039474,-26072.664669999998296,-92618.705199999996694,1.527440000000000,1.429330000000000
163645118.003820002079010,-26072.420750000001135,-92617.056150000003981,1.534740000000000,1.419310000000000
163645118.102820008993149,-26072.161739999999554,-92615.409419999996317,1.536930000000000,1.411740000000000
163645118.202820003032684,-26071.893049999998766,-92613.764219999997295,1.540850000000000,1.406730000000000
163645118.303820013999939,-26071.616849999998522,-92612.120299999995041,1.547240000000000,1.402670000000000
163645118.402819991111755,-26071.340670000001410,-92610.476750000001630,1.553830000000000,1.405990000000000
163645118.503820002079010,-26071.069810000000871,-92608.832949999996345,1.559910000000000,1.406340000000000
163645118.602818995714188,-26070.791270000001532,-92607.189880000005360,1.568030000000000,1.399890000000000
163645118.703819006681442,-26070.504609999999957,-92605.547669999999925,1.577660000000000,1.397010000000000
163645118.803819000720978,-26070.214520000001357,-92603.906130000003031,1.585810000000000,1.394980000000000
163645118.902819007635117,-26069.921360000000277,-92602.265140000003157,1.591390000000000,1.393190000000000
163645119.002819001674652,-26069.625000000000000,-92600.624700000000303,1.593530000000000,1.391130000000000
163645119.102818995714188,-26069.325039999999717,-92598.984859999996843,1.591910000000000,1.388870000000000
163645119.201819002628326,-26069.021359999998822,-92597.345759999996517,1.587730000000000,1.386540000000000
163645119.303819000720978,-26068.713520000001154,-92595.707460000005085,1.584800000000000,1.383740000000000
163645119.402819007635117,-26068.400570000001608,-92594.070070000001579,1.584840000000000,1.380430000000000
163645119.502819001674652,-26068.081890000001295,-92592.433839999997872,1.587380000000000,1.376700000000000
163645119.602818995714188,-26067.756529999998747,-92590.798890000005485,1.597650000000000,1.372370000000000
163645119.703817993402481,-26067.424259999999776,-92589.165340000006836,1.615290000000000,1.368390000000000
163645119.803817987442017,-26067.086009999999078,-92587.533079999993788,1.630520000000000,1.365000000000000
163645119.903818011283875,-26066.742640000000392,-92585.901790000003530,1.645370000000000,1.361940000000000
163645120.003818005323410,-26066.393690000000788,-92584.271729999993113,1.664820000000000,1.358100000000000
163645120.103817999362946,-26066.037840000000870,-92582.643190000002505,1.683090000000000,1.353690000000000
163645120.203817993402481,-26065.674910000001546,-92581.016170000002603,1.702210000000000,1.349400000000000
163645120.303817987442017,-26065.305240000001504,-92579.390690000000177,1.726980000000000,1.345420000000000
163645120.403818011283875,-26064.929520000001503,-92577.766600000002654,1.745400000000000,1.341910000000000
163645120.503818005323410,-26064.548399999999674,-92576.143739999999525,1.754090000000000,1.338720000000000
163645120.603817999362946,-26064.162550000000920,-92574.522029999992810,1.763830000000000,1.336140000000000
163645120.702816992998123,-26063.773470000000088,-92572.901060000003781,1.776560000000000,1.334550000000000
163645120.802816987037659,-26063.381560000001627,-92571.280759999994189,1.785710000000000,1.332390000000000
163645120.903816998004913,-26062.985140000000683,-92569.661619999998948,1.787970000000000,1.329220000000000
163645121.002817004919052,-26062.583340000001044,-92568.043760000000475,1.788580000000000,1.325820000000000
163645121.103816986083984,-26062.175540000000183,-92566.427429999996093,1.793930000000000,1.321700000000000
163645121.203817009925842,-26061.759989999998652,-92564.813049999997020,1.801140000000000,1.316470000000000
163645121.304816991090775,-26061.336269999999786,-92563.200809999994817,1.807940000000000,1.311800000000000
163645121.403816998004913,-26060.906169999998383,-92561.590270000000601,1.817030000000000,1.308360000000000
163645121.503816992044449,-26060.470990000001621,-92559.981079999997746,1.828140000000000,1.305310000000000
163645121.602816998958588,-26060.030780000000959,-92558.373229999997420,1.838610000000000,1.302070000000000
163645121.703817009925842,-26059.585159999998723,-92556.766910000005737,1.847830000000000,1.298640000000000
163645121.802816003561020,-26059.134200000000419,-92555.162049999998999,1.855900000000000,1.295500000000000
163645121.903816014528275,-26058.678850000000239,-92553.558470000003581,1.860640000000000,1.293100000000000
163645122.002815991640091,-26058.220180000000255,-92551.955809999999474,1.862300000000000,1.291270000000000
163645122.104815989732742,-26057.758789999999863,-92550.353940000000875,1.865090000000000,1.289610000000000
163645122.202816009521484,-26057.295089999999618,-92548.752749999999651,1.871600000000000,1.288500000000000
163645122.300815999507904,-26056.830720000001747,-92547.151729999997769,1.879980000000000,1.288620000000000
